-- phpMyAdmin SQL Dump
-- version 5.2.1
-- https://www.phpmyadmin.net/
--
-- Host: localhost:8889
-- Generation Time: Dec 02, 2025 at 12:09 PM
-- Server version: 8.0.40
-- PHP Version: 8.3.14

SET SQL_MODE = "NO_AUTO_VALUE_ON_ZERO";
START TRANSACTION;
SET time_zone = "+00:00";


/*!40101 SET @OLD_CHARACTER_SET_CLIENT=@@CHARACTER_SET_CLIENT */;
/*!40101 SET @OLD_CHARACTER_SET_RESULTS=@@CHARACTER_SET_RESULTS */;
/*!40101 SET @OLD_COLLATION_CONNECTION=@@COLLATION_CONNECTION */;
/*!40101 SET NAMES utf8mb4 */;

--
-- Database: `inovindo_project`
--

-- --------------------------------------------------------

--
-- Table structure for table `cache`
--

CREATE TABLE `cache` (
  `key` varchar(255) COLLATE utf8mb4_unicode_ci NOT NULL,
  `value` mediumtext COLLATE utf8mb4_unicode_ci NOT NULL,
  `expiration` int NOT NULL
) ENGINE=InnoDB DEFAULT CHARSET=utf8mb4 COLLATE=utf8mb4_unicode_ci;

-- --------------------------------------------------------

--
-- Table structure for table `cache_locks`
--

CREATE TABLE `cache_locks` (
  `key` varchar(255) COLLATE utf8mb4_unicode_ci NOT NULL,
  `owner` varchar(255) COLLATE utf8mb4_unicode_ci NOT NULL,
  `expiration` int NOT NULL
) ENGINE=InnoDB DEFAULT CHARSET=utf8mb4 COLLATE=utf8mb4_unicode_ci;

-- --------------------------------------------------------

--
-- Table structure for table `cutis`
--

CREATE TABLE `cutis` (
  `id` bigint UNSIGNED NOT NULL,
  `pegawai_id` bigint UNSIGNED NOT NULL,
  `disetujui_oleh_id` bigint UNSIGNED DEFAULT NULL,
  `tanggal_mulai` date NOT NULL,
  `tanggal_selesai` date NOT NULL,
  `keterangan` text COLLATE utf8mb4_unicode_ci,
  `status` enum('Diajukan','Disetujui','Ditolak') COLLATE utf8mb4_unicode_ci NOT NULL DEFAULT 'Diajukan',
  `created_at` timestamp NULL DEFAULT NULL,
  `updated_at` timestamp NULL DEFAULT NULL
) ENGINE=InnoDB DEFAULT CHARSET=utf8mb4 COLLATE=utf8mb4_unicode_ci;

--
-- Dumping data for table `cutis`
--

INSERT INTO `cutis` (`id`, `pegawai_id`, `disetujui_oleh_id`, `tanggal_mulai`, `tanggal_selesai`, `keterangan`, `status`, `created_at`, `updated_at`) VALUES
(1, 1, NULL, '2025-08-09', '2025-08-11', 'Acara keluarga', 'Disetujui', '2025-10-09 16:53:40', '2025-10-09 16:53:40'),
(2, 2, NULL, '2025-08-09', '2025-08-11', 'Acara keluarga', 'Disetujui', '2025-10-09 16:53:40', '2025-10-09 16:53:40'),
(3, 3, NULL, '2025-08-09', '2025-08-11', 'Acara keluarga', 'Disetujui', '2025-10-09 16:53:40', '2025-10-09 16:53:40'),
(4, 4, NULL, '2025-08-09', '2025-08-11', 'Acara keluarga', 'Disetujui', '2025-10-09 16:53:40', '2025-10-09 16:53:40'),
(5, 5, NULL, '2025-08-09', '2025-08-11', 'Acara keluarga', 'Disetujui', '2025-10-09 16:53:40', '2025-10-09 16:53:40'),
(6, 6, NULL, '2025-08-09', '2025-08-11', 'Acara keluarga', 'Disetujui', '2025-10-09 16:53:40', '2025-10-09 16:53:40'),
(7, 7, NULL, '2025-08-09', '2025-08-11', 'Acara keluarga', 'Disetujui', '2025-10-09 16:53:40', '2025-10-09 16:53:40'),
(8, 8, NULL, '2025-08-09', '2025-08-11', 'Acara keluarga', 'Disetujui', '2025-10-09 16:53:40', '2025-10-09 16:53:40');

-- --------------------------------------------------------

--
-- Table structure for table `divisis`
--

CREATE TABLE `divisis` (
  `id` bigint UNSIGNED NOT NULL,
  `nama_divisi` varchar(100) COLLATE utf8mb4_unicode_ci NOT NULL,
  `created_at` timestamp NULL DEFAULT NULL,
  `updated_at` timestamp NULL DEFAULT NULL
) ENGINE=InnoDB DEFAULT CHARSET=utf8mb4 COLLATE=utf8mb4_unicode_ci;

--
-- Dumping data for table `divisis`
--

INSERT INTO `divisis` (`id`, `nama_divisi`, `created_at`, `updated_at`) VALUES
(1, 'Teknologi Informasi', '2025-10-09 16:53:40', '2025-10-09 16:53:40'),
(2, 'Sumber Daya Manusia', '2025-10-09 16:53:40', '2025-10-09 16:53:40'),
(3, 'Pemasaran', '2025-10-09 16:53:40', '2025-10-09 16:53:40');

-- --------------------------------------------------------

--
-- Table structure for table `failed_jobs`
--

CREATE TABLE `failed_jobs` (
  `id` bigint UNSIGNED NOT NULL,
  `uuid` varchar(255) COLLATE utf8mb4_unicode_ci NOT NULL,
  `connection` text COLLATE utf8mb4_unicode_ci NOT NULL,
  `queue` text COLLATE utf8mb4_unicode_ci NOT NULL,
  `payload` longtext COLLATE utf8mb4_unicode_ci NOT NULL,
  `exception` longtext COLLATE utf8mb4_unicode_ci NOT NULL,
  `failed_at` timestamp NOT NULL DEFAULT CURRENT_TIMESTAMP
) ENGINE=InnoDB DEFAULT CHARSET=utf8mb4 COLLATE=utf8mb4_unicode_ci;

-- --------------------------------------------------------

--
-- Table structure for table `gajis`
--

CREATE TABLE `gajis` (
  `id` bigint UNSIGNED NOT NULL,
  `pegawai_id` bigint UNSIGNED NOT NULL,
  `bulan` tinyint NOT NULL,
  `tahun` year NOT NULL,
  `gaji_pokok` decimal(15,2) NOT NULL,
  `total_tunjangan` decimal(15,2) NOT NULL DEFAULT '0.00',
  `total_potongan` decimal(15,2) NOT NULL DEFAULT '0.00',
  `gaji_bersih` decimal(15,2) NOT NULL,
  `created_at` timestamp NULL DEFAULT NULL,
  `updated_at` timestamp NULL DEFAULT NULL
) ENGINE=InnoDB DEFAULT CHARSET=utf8mb4 COLLATE=utf8mb4_unicode_ci;

--
-- Dumping data for table `gajis`
--

INSERT INTO `gajis` (`id`, `pegawai_id`, `bulan`, `tahun`, `gaji_pokok`, `total_tunjangan`, `total_potongan`, `gaji_bersih`, `created_at`, `updated_at`) VALUES
(1, 1, 9, '2025', 15000000.00, 500000.00, 150000.00, 15350000.00, '2025-10-09 16:53:40', '2025-10-09 16:53:40'),
(2, 2, 9, '2025', 8000000.00, 500000.00, 150000.00, 8350000.00, '2025-10-09 16:53:40', '2025-10-09 16:53:40'),
(3, 3, 9, '2025', 5382029.00, 500000.00, 150000.00, 5732029.00, '2025-10-09 16:53:40', '2025-10-09 16:53:40'),
(4, 4, 9, '2025', 5461198.00, 500000.00, 150000.00, 5811198.00, '2025-10-09 16:53:40', '2025-10-09 16:53:40'),
(5, 5, 9, '2025', 4888885.00, 500000.00, 150000.00, 5238885.00, '2025-10-09 16:53:40', '2025-10-09 16:53:40'),
(6, 6, 9, '2025', 4640672.00, 500000.00, 150000.00, 4990672.00, '2025-10-09 16:53:40', '2025-10-09 16:53:40'),
(7, 7, 9, '2025', 5604186.00, 500000.00, 150000.00, 5954186.00, '2025-10-09 16:53:40', '2025-10-09 16:53:40'),
(8, 8, 9, '2025', 4689941.00, 500000.00, 150000.00, 5039941.00, '2025-10-09 16:53:40', '2025-10-09 16:53:40'),
(13, 13, 12, '2025', 50000000.00, 0.00, 0.00, 50000000.00, '2025-12-02 05:17:53', '2025-12-02 05:17:53');

-- --------------------------------------------------------

--
-- Table structure for table `gaji_potongan_details`
--

CREATE TABLE `gaji_potongan_details` (
  `id` bigint UNSIGNED NOT NULL,
  `gaji_id` bigint UNSIGNED NOT NULL,
  `master_potongan_id` bigint UNSIGNED NOT NULL,
  `jumlah` decimal(15,2) NOT NULL,
  `keterangan` text COLLATE utf8mb4_unicode_ci,
  `created_at` timestamp NULL DEFAULT NULL,
  `updated_at` timestamp NULL DEFAULT NULL
) ENGINE=InnoDB DEFAULT CHARSET=utf8mb4 COLLATE=utf8mb4_unicode_ci;

--
-- Dumping data for table `gaji_potongan_details`
--

INSERT INTO `gaji_potongan_details` (`id`, `gaji_id`, `master_potongan_id`, `jumlah`, `keterangan`, `created_at`, `updated_at`) VALUES
(1, 1, 2, 150000.00, NULL, '2025-10-09 16:53:40', '2025-10-09 16:53:40'),
(2, 2, 2, 150000.00, NULL, '2025-10-09 16:53:40', '2025-10-09 16:53:40'),
(3, 3, 2, 150000.00, NULL, '2025-10-09 16:53:40', '2025-10-09 16:53:40'),
(4, 4, 2, 150000.00, NULL, '2025-10-09 16:53:40', '2025-10-09 16:53:40'),
(5, 5, 2, 150000.00, NULL, '2025-10-09 16:53:40', '2025-10-09 16:53:40'),
(6, 6, 2, 150000.00, NULL, '2025-10-09 16:53:40', '2025-10-09 16:53:40'),
(7, 7, 2, 150000.00, NULL, '2025-10-09 16:53:40', '2025-10-09 16:53:40'),
(8, 8, 2, 150000.00, NULL, '2025-10-09 16:53:40', '2025-10-09 16:53:40');

-- --------------------------------------------------------

--
-- Table structure for table `gaji_tunjangan_details`
--

CREATE TABLE `gaji_tunjangan_details` (
  `id` bigint UNSIGNED NOT NULL,
  `gaji_id` bigint UNSIGNED NOT NULL,
  `master_tunjangan_id` bigint UNSIGNED NOT NULL,
  `jumlah` decimal(15,2) NOT NULL,
  `keterangan` text COLLATE utf8mb4_unicode_ci,
  `created_at` timestamp NULL DEFAULT NULL,
  `updated_at` timestamp NULL DEFAULT NULL
) ENGINE=InnoDB DEFAULT CHARSET=utf8mb4 COLLATE=utf8mb4_unicode_ci;

--
-- Dumping data for table `gaji_tunjangan_details`
--

INSERT INTO `gaji_tunjangan_details` (`id`, `gaji_id`, `master_tunjangan_id`, `jumlah`, `keterangan`, `created_at`, `updated_at`) VALUES
(1, 1, 2, 500000.00, NULL, '2025-10-09 16:53:40', '2025-10-09 16:53:40'),
(2, 2, 2, 500000.00, NULL, '2025-10-09 16:53:40', '2025-10-09 16:53:40'),
(3, 3, 2, 500000.00, NULL, '2025-10-09 16:53:40', '2025-10-09 16:53:40'),
(4, 4, 2, 500000.00, NULL, '2025-10-09 16:53:40', '2025-10-09 16:53:40'),
(5, 5, 2, 500000.00, NULL, '2025-10-09 16:53:40', '2025-10-09 16:53:40'),
(6, 6, 2, 500000.00, NULL, '2025-10-09 16:53:40', '2025-10-09 16:53:40'),
(7, 7, 2, 500000.00, NULL, '2025-10-09 16:53:40', '2025-10-09 16:53:40'),
(8, 8, 2, 500000.00, NULL, '2025-10-09 16:53:40', '2025-10-09 16:53:40');

-- --------------------------------------------------------

--
-- Table structure for table `hari_liburs`
--

CREATE TABLE `hari_liburs` (
  `id` bigint UNSIGNED NOT NULL,
  `tanggal` date NOT NULL,
  `keterangan` varchar(255) COLLATE utf8mb4_unicode_ci NOT NULL,
  `user_id` bigint UNSIGNED NOT NULL,
  `created_at` timestamp NULL DEFAULT NULL,
  `updated_at` timestamp NULL DEFAULT NULL
) ENGINE=InnoDB DEFAULT CHARSET=utf8mb4 COLLATE=utf8mb4_unicode_ci;

-- --------------------------------------------------------

--
-- Table structure for table `jabatans`
--

CREATE TABLE `jabatans` (
  `id` bigint UNSIGNED NOT NULL,
  `nama_jabatan` varchar(100) COLLATE utf8mb4_unicode_ci NOT NULL,
  `gaji_awal` decimal(15,2) NOT NULL DEFAULT '0.00',
  `created_at` timestamp NULL DEFAULT NULL,
  `updated_at` timestamp NULL DEFAULT NULL
) ENGINE=InnoDB DEFAULT CHARSET=utf8mb4 COLLATE=utf8mb4_unicode_ci;

--
-- Dumping data for table `jabatans`
--

INSERT INTO `jabatans` (`id`, `nama_jabatan`, `gaji_awal`, `created_at`, `updated_at`) VALUES
(1, 'Manager', 0.00, '2025-10-09 16:53:40', '2025-10-09 16:53:40'),
(2, 'Supervisor', 0.00, '2025-10-09 16:53:40', '2025-10-09 16:53:40'),
(3, 'Staff', 0.00, '2025-10-09 16:53:40', '2025-10-09 16:53:40');

-- --------------------------------------------------------

--
-- Table structure for table `jobs`
--

CREATE TABLE `jobs` (
  `id` bigint UNSIGNED NOT NULL,
  `queue` varchar(255) COLLATE utf8mb4_unicode_ci NOT NULL,
  `payload` longtext COLLATE utf8mb4_unicode_ci NOT NULL,
  `attempts` tinyint UNSIGNED NOT NULL,
  `reserved_at` int UNSIGNED DEFAULT NULL,
  `available_at` int UNSIGNED NOT NULL,
  `created_at` int UNSIGNED NOT NULL
) ENGINE=InnoDB DEFAULT CHARSET=utf8mb4 COLLATE=utf8mb4_unicode_ci;

-- --------------------------------------------------------

--
-- Table structure for table `job_batches`
--

CREATE TABLE `job_batches` (
  `id` varchar(255) COLLATE utf8mb4_unicode_ci NOT NULL,
  `name` varchar(255) COLLATE utf8mb4_unicode_ci NOT NULL,
  `total_jobs` int NOT NULL,
  `pending_jobs` int NOT NULL,
  `failed_jobs` int NOT NULL,
  `failed_job_ids` longtext COLLATE utf8mb4_unicode_ci NOT NULL,
  `options` mediumtext COLLATE utf8mb4_unicode_ci,
  `cancelled_at` int DEFAULT NULL,
  `created_at` int NOT NULL,
  `finished_at` int DEFAULT NULL
) ENGINE=InnoDB DEFAULT CHARSET=utf8mb4 COLLATE=utf8mb4_unicode_ci;

-- --------------------------------------------------------

--
-- Table structure for table `kehadirans`
--

CREATE TABLE `kehadirans` (
  `id` bigint UNSIGNED NOT NULL,
  `pegawai_id` bigint UNSIGNED NOT NULL,
  `tanggal` date NOT NULL,
  `jam_masuk` time DEFAULT NULL,
  `jam_pulang` time DEFAULT NULL,
  `status` enum('Terlambat','Absen','Hadir','Izin','Sakit','Cuti') COLLATE utf8mb4_unicode_ci NOT NULL,
  `keterangan` text COLLATE utf8mb4_unicode_ci,
  `bukti` varchar(255) COLLATE utf8mb4_unicode_ci DEFAULT NULL,
  `created_at` timestamp NULL DEFAULT NULL,
  `updated_at` timestamp NULL DEFAULT NULL
) ENGINE=InnoDB DEFAULT CHARSET=utf8mb4 COLLATE=utf8mb4_unicode_ci;

--
-- Dumping data for table `kehadirans`
--

INSERT INTO `kehadirans` (`id`, `pegawai_id`, `tanggal`, `jam_masuk`, `jam_pulang`, `status`, `keterangan`, `bukti`, `created_at`, `updated_at`) VALUES
(1, 1, '2025-10-09', '08:46:00', '17:11:00', 'Hadir', NULL, NULL, '2025-10-09 16:53:40', '2025-10-09 16:53:40'),
(2, 1, '2025-10-08', '08:00:00', '17:24:00', 'Hadir', NULL, NULL, '2025-10-09 16:53:40', '2025-10-09 16:53:40'),
(3, 1, '2025-10-07', '08:13:00', '17:46:00', 'Hadir', NULL, NULL, '2025-10-09 16:53:40', '2025-10-09 16:53:40'),
(4, 1, '2025-10-06', '08:13:00', '17:18:00', 'Hadir', NULL, NULL, '2025-10-09 16:53:40', '2025-10-09 16:53:40'),
(5, 1, '2025-10-05', '08:56:00', '17:48:00', 'Hadir', NULL, NULL, '2025-10-09 16:53:40', '2025-10-09 16:53:40'),
(6, 1, '2025-10-04', '08:23:00', '17:24:00', 'Hadir', NULL, NULL, '2025-10-09 16:53:40', '2025-10-09 16:53:40'),
(7, 1, '2025-10-03', '08:10:00', '17:35:00', 'Hadir', NULL, NULL, '2025-10-09 16:53:40', '2025-10-09 16:53:40'),
(8, 1, '2025-10-02', '08:38:00', '17:30:00', 'Hadir', NULL, NULL, '2025-10-09 16:53:40', '2025-10-09 16:53:40'),
(9, 1, '2025-10-01', '08:25:00', '17:46:00', 'Hadir', NULL, NULL, '2025-10-09 16:53:40', '2025-10-09 16:53:40'),
(10, 1, '2025-09-30', '08:48:00', '17:34:00', 'Hadir', NULL, NULL, '2025-10-09 16:53:40', '2025-10-09 16:53:40'),
(11, 1, '2025-09-29', '08:46:00', '17:13:00', 'Hadir', NULL, NULL, '2025-10-09 16:53:40', '2025-10-09 16:53:40'),
(12, 1, '2025-09-28', '08:44:00', '17:02:00', 'Hadir', NULL, NULL, '2025-10-09 16:53:40', '2025-10-09 16:53:40'),
(13, 1, '2025-09-27', '08:19:00', '17:40:00', 'Hadir', NULL, NULL, '2025-10-09 16:53:40', '2025-10-09 16:53:40'),
(14, 1, '2025-09-26', '08:02:00', '17:13:00', 'Hadir', NULL, NULL, '2025-10-09 16:53:40', '2025-10-09 16:53:40'),
(15, 1, '2025-09-25', '08:46:00', '17:28:00', 'Hadir', NULL, NULL, '2025-10-09 16:53:40', '2025-10-09 16:53:40'),
(16, 1, '2025-09-24', '08:50:00', '17:02:00', 'Hadir', NULL, NULL, '2025-10-09 16:53:40', '2025-10-09 16:53:40'),
(17, 1, '2025-09-23', '08:56:00', '17:21:00', 'Hadir', NULL, NULL, '2025-10-09 16:53:40', '2025-10-09 16:53:40'),
(18, 1, '2025-09-22', '08:00:00', '17:57:00', 'Hadir', NULL, NULL, '2025-10-09 16:53:40', '2025-10-09 16:53:40'),
(19, 1, '2025-09-21', '08:11:00', '17:02:00', 'Hadir', NULL, NULL, '2025-10-09 16:53:40', '2025-10-09 16:53:40'),
(20, 1, '2025-09-20', '08:22:00', '17:50:00', 'Hadir', NULL, NULL, '2025-10-09 16:53:40', '2025-10-09 16:53:40'),
(21, 1, '2025-09-19', '08:38:00', '17:14:00', 'Hadir', NULL, NULL, '2025-10-09 16:53:40', '2025-10-09 16:53:40'),
(22, 1, '2025-09-18', '08:16:00', '17:11:00', 'Hadir', NULL, NULL, '2025-10-09 16:53:40', '2025-10-09 16:53:40'),
(23, 1, '2025-09-17', '08:50:00', '17:13:00', 'Hadir', NULL, NULL, '2025-10-09 16:53:40', '2025-10-09 16:53:40'),
(24, 1, '2025-09-16', '08:50:00', '17:58:00', 'Hadir', NULL, NULL, '2025-10-09 16:53:40', '2025-10-09 16:53:40'),
(25, 1, '2025-09-15', '08:32:00', '17:08:00', 'Hadir', NULL, NULL, '2025-10-09 16:53:40', '2025-10-09 16:53:40'),
(26, 1, '2025-09-14', '08:27:00', '17:45:00', 'Hadir', NULL, NULL, '2025-10-09 16:53:40', '2025-10-09 16:53:40'),
(27, 1, '2025-09-13', '08:39:00', '17:38:00', 'Hadir', NULL, NULL, '2025-10-09 16:53:40', '2025-10-09 16:53:40'),
(28, 1, '2025-09-12', '08:49:00', '17:41:00', 'Hadir', NULL, NULL, '2025-10-09 16:53:40', '2025-10-09 16:53:40'),
(29, 1, '2025-09-11', '08:37:00', '17:42:00', 'Hadir', NULL, NULL, '2025-10-09 16:53:40', '2025-10-09 16:53:40'),
(30, 1, '2025-09-10', '08:36:00', '17:41:00', 'Hadir', NULL, NULL, '2025-10-09 16:53:40', '2025-10-09 16:53:40'),
(31, 2, '2025-10-09', '08:59:00', '17:33:00', 'Hadir', NULL, NULL, '2025-10-09 16:53:40', '2025-10-09 16:53:40'),
(32, 2, '2025-10-08', '08:00:00', '17:35:00', 'Hadir', NULL, NULL, '2025-10-09 16:53:40', '2025-10-09 16:53:40'),
(33, 2, '2025-10-07', '08:03:00', '17:52:00', 'Hadir', NULL, NULL, '2025-10-09 16:53:40', '2025-10-09 16:53:40'),
(34, 2, '2025-10-06', '08:35:00', '17:21:00', 'Hadir', NULL, NULL, '2025-10-09 16:53:40', '2025-10-09 16:53:40'),
(35, 2, '2025-10-05', '08:43:00', '17:39:00', 'Hadir', NULL, NULL, '2025-10-09 16:53:40', '2025-10-09 16:53:40'),
(36, 2, '2025-10-04', '08:57:00', '17:57:00', 'Hadir', NULL, NULL, '2025-10-09 16:53:40', '2025-10-09 16:53:40'),
(37, 2, '2025-10-03', '08:56:00', '17:11:00', 'Hadir', NULL, NULL, '2025-10-09 16:53:40', '2025-10-09 16:53:40'),
(38, 2, '2025-10-02', '08:40:00', '17:51:00', 'Hadir', NULL, NULL, '2025-10-09 16:53:40', '2025-10-09 16:53:40'),
(39, 2, '2025-10-01', '08:45:00', '17:19:00', 'Hadir', NULL, NULL, '2025-10-09 16:53:40', '2025-10-09 16:53:40'),
(40, 2, '2025-09-30', '08:30:00', '17:37:00', 'Hadir', NULL, NULL, '2025-10-09 16:53:40', '2025-10-09 16:53:40'),
(41, 2, '2025-09-29', '08:10:00', '17:15:00', 'Hadir', NULL, NULL, '2025-10-09 16:53:40', '2025-10-09 16:53:40'),
(42, 2, '2025-09-28', '08:35:00', '17:20:00', 'Hadir', NULL, NULL, '2025-10-09 16:53:40', '2025-10-09 16:53:40'),
(43, 2, '2025-09-27', '08:01:00', '17:36:00', 'Hadir', NULL, NULL, '2025-10-09 16:53:40', '2025-10-09 16:53:40'),
(44, 2, '2025-09-26', '08:04:00', '17:19:00', 'Hadir', NULL, NULL, '2025-10-09 16:53:40', '2025-10-09 16:53:40'),
(45, 2, '2025-09-25', '08:21:00', '17:00:00', 'Hadir', NULL, NULL, '2025-10-09 16:53:40', '2025-10-09 16:53:40'),
(46, 2, '2025-09-24', '08:47:00', '17:40:00', 'Hadir', NULL, NULL, '2025-10-09 16:53:40', '2025-10-09 16:53:40'),
(47, 2, '2025-09-23', '08:06:00', '17:15:00', 'Hadir', NULL, NULL, '2025-10-09 16:53:40', '2025-10-09 16:53:40'),
(48, 2, '2025-09-22', '08:15:00', '17:23:00', 'Hadir', NULL, NULL, '2025-10-09 16:53:40', '2025-10-09 16:53:40'),
(49, 2, '2025-09-21', '08:07:00', '17:15:00', 'Hadir', NULL, NULL, '2025-10-09 16:53:40', '2025-10-09 16:53:40'),
(50, 2, '2025-09-20', '08:30:00', '17:59:00', 'Hadir', NULL, NULL, '2025-10-09 16:53:40', '2025-10-09 16:53:40'),
(51, 2, '2025-09-19', '08:28:00', '17:40:00', 'Hadir', NULL, NULL, '2025-10-09 16:53:40', '2025-10-09 16:53:40'),
(52, 2, '2025-09-18', '08:41:00', '17:19:00', 'Hadir', NULL, NULL, '2025-10-09 16:53:40', '2025-10-09 16:53:40'),
(53, 2, '2025-09-17', '08:15:00', '17:22:00', 'Hadir', NULL, NULL, '2025-10-09 16:53:40', '2025-10-09 16:53:40'),
(54, 2, '2025-09-16', '08:04:00', '17:15:00', 'Hadir', NULL, NULL, '2025-10-09 16:53:40', '2025-10-09 16:53:40'),
(55, 2, '2025-09-15', '08:52:00', '17:14:00', 'Hadir', NULL, NULL, '2025-10-09 16:53:40', '2025-10-09 16:53:40'),
(56, 2, '2025-09-14', '08:08:00', '17:44:00', 'Hadir', NULL, NULL, '2025-10-09 16:53:40', '2025-10-09 16:53:40'),
(57, 2, '2025-09-13', '08:10:00', '17:40:00', 'Hadir', NULL, NULL, '2025-10-09 16:53:40', '2025-10-09 16:53:40'),
(58, 2, '2025-09-12', '08:18:00', '17:01:00', 'Hadir', NULL, NULL, '2025-10-09 16:53:40', '2025-10-09 16:53:40'),
(59, 2, '2025-09-11', '08:23:00', '17:00:00', 'Hadir', NULL, NULL, '2025-10-09 16:53:40', '2025-10-09 16:53:40'),
(60, 2, '2025-09-10', '08:38:00', '17:32:00', 'Hadir', NULL, NULL, '2025-10-09 16:53:40', '2025-10-09 16:53:40'),
(61, 3, '2025-10-09', '08:33:00', '17:47:00', 'Hadir', NULL, NULL, '2025-10-09 16:53:40', '2025-10-09 16:53:40'),
(62, 3, '2025-10-08', '08:00:00', '17:02:00', 'Hadir', NULL, NULL, '2025-10-09 16:53:40', '2025-10-09 16:53:40'),
(63, 3, '2025-10-07', '08:55:00', '17:55:00', 'Hadir', NULL, NULL, '2025-10-09 16:53:40', '2025-10-09 16:53:40'),
(64, 3, '2025-10-06', '08:28:00', '17:57:00', 'Hadir', NULL, NULL, '2025-10-09 16:53:40', '2025-10-09 16:53:40'),
(65, 3, '2025-10-05', '08:53:00', '17:20:00', 'Hadir', NULL, NULL, '2025-10-09 16:53:40', '2025-10-09 16:53:40'),
(66, 3, '2025-10-04', '08:56:00', '17:55:00', 'Hadir', NULL, NULL, '2025-10-09 16:53:40', '2025-10-09 16:53:40'),
(67, 3, '2025-10-03', '08:41:00', '17:25:00', 'Hadir', NULL, NULL, '2025-10-09 16:53:40', '2025-10-09 16:53:40'),
(68, 3, '2025-10-02', '08:05:00', '17:42:00', 'Hadir', NULL, NULL, '2025-10-09 16:53:40', '2025-10-09 16:53:40'),
(69, 3, '2025-10-01', '08:04:00', '17:16:00', 'Hadir', NULL, NULL, '2025-10-09 16:53:40', '2025-10-09 16:53:40'),
(70, 3, '2025-09-30', '08:45:00', '17:42:00', 'Hadir', NULL, NULL, '2025-10-09 16:53:40', '2025-10-09 16:53:40'),
(71, 3, '2025-09-29', '08:45:00', '17:43:00', 'Hadir', NULL, NULL, '2025-10-09 16:53:40', '2025-10-09 16:53:40'),
(72, 3, '2025-09-28', '08:52:00', '17:43:00', 'Hadir', NULL, NULL, '2025-10-09 16:53:40', '2025-10-09 16:53:40'),
(73, 3, '2025-09-27', '08:20:00', '17:13:00', 'Hadir', NULL, NULL, '2025-10-09 16:53:40', '2025-10-09 16:53:40'),
(74, 3, '2025-09-26', '08:31:00', '17:48:00', 'Hadir', NULL, NULL, '2025-10-09 16:53:40', '2025-10-09 16:53:40'),
(75, 3, '2025-09-25', '08:55:00', '17:18:00', 'Hadir', NULL, NULL, '2025-10-09 16:53:40', '2025-10-09 16:53:40'),
(76, 3, '2025-09-24', '08:20:00', '17:44:00', 'Hadir', NULL, NULL, '2025-10-09 16:53:40', '2025-10-09 16:53:40'),
(77, 3, '2025-09-23', '08:03:00', '17:22:00', 'Hadir', NULL, NULL, '2025-10-09 16:53:40', '2025-10-09 16:53:40'),
(78, 3, '2025-09-22', '08:12:00', '17:32:00', 'Hadir', NULL, NULL, '2025-10-09 16:53:40', '2025-10-09 16:53:40'),
(79, 3, '2025-09-21', '08:55:00', '17:39:00', 'Hadir', NULL, NULL, '2025-10-09 16:53:40', '2025-10-09 16:53:40'),
(80, 3, '2025-09-20', '08:06:00', '17:40:00', 'Hadir', NULL, NULL, '2025-10-09 16:53:40', '2025-10-09 16:53:40'),
(81, 3, '2025-09-19', '08:40:00', '17:38:00', 'Hadir', NULL, NULL, '2025-10-09 16:53:40', '2025-10-09 16:53:40'),
(82, 3, '2025-09-18', '08:16:00', '17:14:00', 'Hadir', NULL, NULL, '2025-10-09 16:53:40', '2025-10-09 16:53:40'),
(83, 3, '2025-09-17', '08:04:00', '17:42:00', 'Hadir', NULL, NULL, '2025-10-09 16:53:40', '2025-10-09 16:53:40'),
(84, 3, '2025-09-16', '08:41:00', '17:30:00', 'Hadir', NULL, NULL, '2025-10-09 16:53:40', '2025-10-09 16:53:40'),
(85, 3, '2025-09-15', '08:49:00', '17:37:00', 'Hadir', NULL, NULL, '2025-10-09 16:53:40', '2025-10-09 16:53:40'),
(86, 3, '2025-09-14', '08:31:00', '17:29:00', 'Hadir', NULL, NULL, '2025-10-09 16:53:40', '2025-10-09 16:53:40'),
(87, 3, '2025-09-13', '08:53:00', '17:59:00', 'Hadir', NULL, NULL, '2025-10-09 16:53:40', '2025-10-09 16:53:40'),
(88, 3, '2025-09-12', '08:13:00', '17:48:00', 'Hadir', NULL, NULL, '2025-10-09 16:53:40', '2025-10-09 16:53:40'),
(89, 3, '2025-09-11', '08:14:00', '17:39:00', 'Hadir', NULL, NULL, '2025-10-09 16:53:40', '2025-10-09 16:53:40'),
(90, 3, '2025-09-10', '08:00:00', '17:29:00', 'Hadir', NULL, NULL, '2025-10-09 16:53:40', '2025-10-09 16:53:40'),
(91, 4, '2025-10-09', '08:29:00', '17:19:00', 'Hadir', NULL, NULL, '2025-10-09 16:53:40', '2025-10-09 16:53:40'),
(92, 4, '2025-10-08', '08:37:00', '17:38:00', 'Hadir', NULL, NULL, '2025-10-09 16:53:40', '2025-10-09 16:53:40'),
(93, 4, '2025-10-07', '08:42:00', '17:41:00', 'Hadir', NULL, NULL, '2025-10-09 16:53:40', '2025-10-09 16:53:40'),
(94, 4, '2025-10-06', '08:59:00', '17:39:00', 'Hadir', NULL, NULL, '2025-10-09 16:53:40', '2025-10-09 16:53:40'),
(95, 4, '2025-10-05', '08:00:00', '17:32:00', 'Hadir', NULL, NULL, '2025-10-09 16:53:40', '2025-10-09 16:53:40'),
(96, 4, '2025-10-04', '08:20:00', '17:16:00', 'Hadir', NULL, NULL, '2025-10-09 16:53:40', '2025-10-09 16:53:40'),
(97, 4, '2025-10-03', '08:41:00', '17:21:00', 'Hadir', NULL, NULL, '2025-10-09 16:53:40', '2025-10-09 16:53:40'),
(98, 4, '2025-10-02', '08:03:00', '17:56:00', 'Hadir', NULL, NULL, '2025-10-09 16:53:40', '2025-10-09 16:53:40'),
(99, 4, '2025-10-01', '08:54:00', '17:40:00', 'Hadir', NULL, NULL, '2025-10-09 16:53:40', '2025-10-09 16:53:40'),
(100, 4, '2025-09-30', '08:11:00', '17:51:00', 'Hadir', NULL, NULL, '2025-10-09 16:53:40', '2025-10-09 16:53:40'),
(101, 4, '2025-09-29', '08:39:00', '17:21:00', 'Hadir', NULL, NULL, '2025-10-09 16:53:40', '2025-10-09 16:53:40'),
(102, 4, '2025-09-28', '08:44:00', '17:24:00', 'Hadir', NULL, NULL, '2025-10-09 16:53:40', '2025-10-09 16:53:40'),
(103, 4, '2025-09-27', '08:49:00', '17:51:00', 'Hadir', NULL, NULL, '2025-10-09 16:53:40', '2025-10-09 16:53:40'),
(104, 4, '2025-09-26', '08:52:00', '17:31:00', 'Hadir', NULL, NULL, '2025-10-09 16:53:40', '2025-10-09 16:53:40'),
(105, 4, '2025-09-25', '08:48:00', '17:52:00', 'Hadir', NULL, NULL, '2025-10-09 16:53:40', '2025-10-09 16:53:40'),
(106, 4, '2025-09-24', '08:23:00', '17:10:00', 'Hadir', NULL, NULL, '2025-10-09 16:53:40', '2025-10-09 16:53:40'),
(107, 4, '2025-09-23', '08:24:00', '17:51:00', 'Hadir', NULL, NULL, '2025-10-09 16:53:40', '2025-10-09 16:53:40'),
(108, 4, '2025-09-22', '08:03:00', '17:50:00', 'Hadir', NULL, NULL, '2025-10-09 16:53:40', '2025-10-09 16:53:40'),
(109, 4, '2025-09-21', '08:50:00', '17:41:00', 'Hadir', NULL, NULL, '2025-10-09 16:53:40', '2025-10-09 16:53:40'),
(110, 4, '2025-09-20', '08:22:00', '17:26:00', 'Hadir', NULL, NULL, '2025-10-09 16:53:40', '2025-10-09 16:53:40'),
(111, 4, '2025-09-19', '08:30:00', '17:20:00', 'Hadir', NULL, NULL, '2025-10-09 16:53:40', '2025-10-09 16:53:40'),
(112, 4, '2025-09-18', '08:00:00', '17:49:00', 'Hadir', NULL, NULL, '2025-10-09 16:53:40', '2025-10-09 16:53:40'),
(113, 4, '2025-09-17', '08:09:00', '17:59:00', 'Hadir', NULL, NULL, '2025-10-09 16:53:40', '2025-10-09 16:53:40'),
(114, 4, '2025-09-16', '08:07:00', '17:29:00', 'Hadir', NULL, NULL, '2025-10-09 16:53:40', '2025-10-09 16:53:40'),
(115, 4, '2025-09-15', '08:30:00', '17:49:00', 'Hadir', NULL, NULL, '2025-10-09 16:53:40', '2025-10-09 16:53:40'),
(116, 4, '2025-09-14', '08:09:00', '17:16:00', 'Hadir', NULL, NULL, '2025-10-09 16:53:40', '2025-10-09 16:53:40'),
(117, 4, '2025-09-13', '08:10:00', '17:15:00', 'Hadir', NULL, NULL, '2025-10-09 16:53:40', '2025-10-09 16:53:40'),
(118, 4, '2025-09-12', '08:00:00', '17:22:00', 'Hadir', NULL, NULL, '2025-10-09 16:53:40', '2025-10-09 16:53:40'),
(119, 4, '2025-09-11', '08:27:00', '17:47:00', 'Hadir', NULL, NULL, '2025-10-09 16:53:40', '2025-10-09 16:53:40'),
(120, 4, '2025-09-10', '08:38:00', '17:23:00', 'Hadir', NULL, NULL, '2025-10-09 16:53:40', '2025-10-09 16:53:40'),
(121, 5, '2025-10-09', '08:57:00', '17:46:00', 'Hadir', NULL, NULL, '2025-10-09 16:53:40', '2025-10-09 16:53:40'),
(122, 5, '2025-10-08', '08:41:00', '17:08:00', 'Hadir', NULL, NULL, '2025-10-09 16:53:40', '2025-10-09 16:53:40'),
(123, 5, '2025-10-07', '08:35:00', '17:08:00', 'Hadir', NULL, NULL, '2025-10-09 16:53:40', '2025-10-09 16:53:40'),
(124, 5, '2025-10-06', '08:11:00', '17:47:00', 'Hadir', NULL, NULL, '2025-10-09 16:53:40', '2025-10-09 16:53:40'),
(125, 5, '2025-10-05', '08:40:00', '17:11:00', 'Hadir', NULL, NULL, '2025-10-09 16:53:40', '2025-10-09 16:53:40'),
(126, 5, '2025-10-04', '08:11:00', '17:36:00', 'Hadir', NULL, NULL, '2025-10-09 16:53:40', '2025-10-09 16:53:40'),
(127, 5, '2025-10-03', '08:24:00', '17:02:00', 'Hadir', NULL, NULL, '2025-10-09 16:53:40', '2025-10-09 16:53:40'),
(128, 5, '2025-10-02', '08:28:00', '17:20:00', 'Hadir', NULL, NULL, '2025-10-09 16:53:40', '2025-10-09 16:53:40'),
(129, 5, '2025-10-01', '08:18:00', '17:54:00', 'Hadir', NULL, NULL, '2025-10-09 16:53:40', '2025-10-09 16:53:40'),
(130, 5, '2025-09-30', '08:04:00', '17:57:00', 'Hadir', NULL, NULL, '2025-10-09 16:53:40', '2025-10-09 16:53:40'),
(131, 5, '2025-09-29', '08:00:00', '17:51:00', 'Hadir', NULL, NULL, '2025-10-09 16:53:40', '2025-10-09 16:53:40'),
(132, 5, '2025-09-28', '08:42:00', '17:31:00', 'Hadir', NULL, NULL, '2025-10-09 16:53:40', '2025-10-09 16:53:40'),
(133, 5, '2025-09-27', '08:54:00', '17:28:00', 'Hadir', NULL, NULL, '2025-10-09 16:53:40', '2025-10-09 16:53:40'),
(134, 5, '2025-09-26', '08:45:00', '17:37:00', 'Hadir', NULL, NULL, '2025-10-09 16:53:40', '2025-10-09 16:53:40'),
(135, 5, '2025-09-25', '08:35:00', '17:28:00', 'Hadir', NULL, NULL, '2025-10-09 16:53:40', '2025-10-09 16:53:40'),
(136, 5, '2025-09-24', '08:09:00', '17:33:00', 'Hadir', NULL, NULL, '2025-10-09 16:53:40', '2025-10-09 16:53:40'),
(137, 5, '2025-09-23', '08:36:00', '17:02:00', 'Hadir', NULL, NULL, '2025-10-09 16:53:40', '2025-10-09 16:53:40'),
(138, 5, '2025-09-22', '08:30:00', '17:34:00', 'Hadir', NULL, NULL, '2025-10-09 16:53:40', '2025-10-09 16:53:40'),
(139, 5, '2025-09-21', '08:01:00', '17:51:00', 'Hadir', NULL, NULL, '2025-10-09 16:53:40', '2025-10-09 16:53:40'),
(140, 5, '2025-09-20', '08:28:00', '17:04:00', 'Hadir', NULL, NULL, '2025-10-09 16:53:40', '2025-10-09 16:53:40'),
(141, 5, '2025-09-19', '08:05:00', '17:19:00', 'Hadir', NULL, NULL, '2025-10-09 16:53:40', '2025-10-09 16:53:40'),
(142, 5, '2025-09-18', '08:59:00', '17:38:00', 'Hadir', NULL, NULL, '2025-10-09 16:53:40', '2025-10-09 16:53:40'),
(143, 5, '2025-09-17', '08:48:00', '17:42:00', 'Hadir', NULL, NULL, '2025-10-09 16:53:40', '2025-10-09 16:53:40'),
(144, 5, '2025-09-16', '08:31:00', '17:17:00', 'Hadir', NULL, NULL, '2025-10-09 16:53:40', '2025-10-09 16:53:40'),
(145, 5, '2025-09-15', '08:35:00', '17:58:00', 'Hadir', NULL, NULL, '2025-10-09 16:53:40', '2025-10-09 16:53:40'),
(146, 5, '2025-09-14', '08:20:00', '17:10:00', 'Hadir', NULL, NULL, '2025-10-09 16:53:40', '2025-10-09 16:53:40'),
(147, 5, '2025-09-13', '08:27:00', '17:13:00', 'Hadir', NULL, NULL, '2025-10-09 16:53:40', '2025-10-09 16:53:40'),
(148, 5, '2025-09-12', '08:08:00', '17:02:00', 'Hadir', NULL, NULL, '2025-10-09 16:53:40', '2025-10-09 16:53:40'),
(149, 5, '2025-09-11', '08:01:00', '17:16:00', 'Hadir', NULL, NULL, '2025-10-09 16:53:40', '2025-10-09 16:53:40'),
(150, 5, '2025-09-10', '08:52:00', '17:37:00', 'Hadir', NULL, NULL, '2025-10-09 16:53:40', '2025-10-09 16:53:40'),
(151, 6, '2025-10-09', '08:43:00', '17:03:00', 'Hadir', NULL, NULL, '2025-10-09 16:53:40', '2025-10-09 16:53:40'),
(152, 6, '2025-10-08', '08:17:00', '17:16:00', 'Hadir', NULL, NULL, '2025-10-09 16:53:40', '2025-10-09 16:53:40'),
(153, 6, '2025-10-07', '08:41:00', '17:22:00', 'Hadir', NULL, NULL, '2025-10-09 16:53:40', '2025-10-09 16:53:40'),
(154, 6, '2025-10-06', '08:37:00', '17:08:00', 'Hadir', NULL, NULL, '2025-10-09 16:53:40', '2025-10-09 16:53:40'),
(155, 6, '2025-10-05', '08:16:00', '17:32:00', 'Hadir', NULL, NULL, '2025-10-09 16:53:40', '2025-10-09 16:53:40'),
(156, 6, '2025-10-04', '08:28:00', '17:46:00', 'Hadir', NULL, NULL, '2025-10-09 16:53:40', '2025-10-09 16:53:40'),
(157, 6, '2025-10-03', '08:10:00', '17:42:00', 'Hadir', NULL, NULL, '2025-10-09 16:53:40', '2025-10-09 16:53:40'),
(158, 6, '2025-10-02', '08:09:00', '17:20:00', 'Hadir', NULL, NULL, '2025-10-09 16:53:40', '2025-10-09 16:53:40'),
(159, 6, '2025-10-01', '08:22:00', '17:02:00', 'Hadir', NULL, NULL, '2025-10-09 16:53:40', '2025-10-09 16:53:40'),
(160, 6, '2025-09-30', '08:28:00', '17:43:00', 'Hadir', NULL, NULL, '2025-10-09 16:53:40', '2025-10-09 16:53:40'),
(161, 6, '2025-09-29', '08:40:00', '17:54:00', 'Hadir', NULL, NULL, '2025-10-09 16:53:40', '2025-10-09 16:53:40'),
(162, 6, '2025-09-28', '08:52:00', '17:11:00', 'Hadir', NULL, NULL, '2025-10-09 16:53:40', '2025-10-09 16:53:40'),
(163, 6, '2025-09-27', '08:19:00', '17:31:00', 'Hadir', NULL, NULL, '2025-10-09 16:53:40', '2025-10-09 16:53:40'),
(164, 6, '2025-09-26', '08:36:00', '17:10:00', 'Hadir', NULL, NULL, '2025-10-09 16:53:40', '2025-10-09 16:53:40'),
(165, 6, '2025-09-25', '08:54:00', '17:42:00', 'Hadir', NULL, NULL, '2025-10-09 16:53:40', '2025-10-09 16:53:40'),
(166, 6, '2025-09-24', '08:57:00', '17:39:00', 'Hadir', NULL, NULL, '2025-10-09 16:53:40', '2025-10-09 16:53:40'),
(167, 6, '2025-09-23', '08:38:00', '17:42:00', 'Hadir', NULL, NULL, '2025-10-09 16:53:40', '2025-10-09 16:53:40'),
(168, 6, '2025-09-22', '08:35:00', '17:46:00', 'Hadir', NULL, NULL, '2025-10-09 16:53:40', '2025-10-09 16:53:40'),
(169, 6, '2025-09-21', '08:29:00', '17:30:00', 'Hadir', NULL, NULL, '2025-10-09 16:53:40', '2025-10-09 16:53:40'),
(170, 6, '2025-09-20', '08:13:00', '17:02:00', 'Hadir', NULL, NULL, '2025-10-09 16:53:40', '2025-10-09 16:53:40'),
(171, 6, '2025-09-19', '08:01:00', '17:24:00', 'Hadir', NULL, NULL, '2025-10-09 16:53:40', '2025-10-09 16:53:40'),
(172, 6, '2025-09-18', '08:14:00', '17:06:00', 'Hadir', NULL, NULL, '2025-10-09 16:53:40', '2025-10-09 16:53:40'),
(173, 6, '2025-09-17', '08:36:00', '17:46:00', 'Hadir', NULL, NULL, '2025-10-09 16:53:40', '2025-10-09 16:53:40'),
(174, 6, '2025-09-16', '08:26:00', '17:13:00', 'Hadir', NULL, NULL, '2025-10-09 16:53:40', '2025-10-09 16:53:40'),
(175, 6, '2025-09-15', '08:10:00', '17:23:00', 'Hadir', NULL, NULL, '2025-10-09 16:53:40', '2025-10-09 16:53:40'),
(176, 6, '2025-09-14', '08:58:00', '17:42:00', 'Hadir', NULL, NULL, '2025-10-09 16:53:40', '2025-10-09 16:53:40'),
(177, 6, '2025-09-13', '08:58:00', '17:39:00', 'Hadir', NULL, NULL, '2025-10-09 16:53:40', '2025-10-09 16:53:40'),
(178, 6, '2025-09-12', '08:25:00', '17:09:00', 'Hadir', NULL, NULL, '2025-10-09 16:53:40', '2025-10-09 16:53:40'),
(179, 6, '2025-09-11', '08:18:00', '17:58:00', 'Hadir', NULL, NULL, '2025-10-09 16:53:40', '2025-10-09 16:53:40'),
(180, 6, '2025-09-10', '08:05:00', '17:23:00', 'Hadir', NULL, NULL, '2025-10-09 16:53:40', '2025-10-09 16:53:40'),
(181, 7, '2025-10-09', '08:35:00', '17:42:00', 'Hadir', NULL, NULL, '2025-10-09 16:53:40', '2025-10-09 16:53:40'),
(182, 7, '2025-10-08', '08:23:00', '17:40:00', 'Hadir', NULL, NULL, '2025-10-09 16:53:40', '2025-10-09 16:53:40'),
(183, 7, '2025-10-07', '08:00:00', '17:58:00', 'Hadir', NULL, NULL, '2025-10-09 16:53:40', '2025-10-09 16:53:40'),
(184, 7, '2025-10-06', '08:14:00', '17:31:00', 'Hadir', NULL, NULL, '2025-10-09 16:53:40', '2025-10-09 16:53:40'),
(185, 7, '2025-10-05', '08:57:00', '17:10:00', 'Hadir', NULL, NULL, '2025-10-09 16:53:40', '2025-10-09 16:53:40'),
(186, 7, '2025-10-04', '08:33:00', '17:49:00', 'Hadir', NULL, NULL, '2025-10-09 16:53:40', '2025-10-09 16:53:40'),
(187, 7, '2025-10-03', '08:05:00', '17:12:00', 'Hadir', NULL, NULL, '2025-10-09 16:53:40', '2025-10-09 16:53:40'),
(188, 7, '2025-10-02', '08:24:00', '17:21:00', 'Hadir', NULL, NULL, '2025-10-09 16:53:40', '2025-10-09 16:53:40'),
(189, 7, '2025-10-01', '08:14:00', '17:05:00', 'Hadir', NULL, NULL, '2025-10-09 16:53:40', '2025-10-09 16:53:40'),
(190, 7, '2025-09-30', '08:55:00', '17:04:00', 'Hadir', NULL, NULL, '2025-10-09 16:53:40', '2025-10-09 16:53:40'),
(191, 7, '2025-09-29', '08:41:00', '17:47:00', 'Hadir', NULL, NULL, '2025-10-09 16:53:40', '2025-10-09 16:53:40'),
(192, 7, '2025-09-28', '08:59:00', '17:07:00', 'Hadir', NULL, NULL, '2025-10-09 16:53:40', '2025-10-09 16:53:40'),
(193, 7, '2025-09-27', '08:04:00', '17:12:00', 'Hadir', NULL, NULL, '2025-10-09 16:53:40', '2025-10-09 16:53:40'),
(194, 7, '2025-09-26', '08:53:00', '17:37:00', 'Hadir', NULL, NULL, '2025-10-09 16:53:40', '2025-10-09 16:53:40'),
(195, 7, '2025-09-25', '08:06:00', '17:15:00', 'Hadir', NULL, NULL, '2025-10-09 16:53:40', '2025-10-09 16:53:40'),
(196, 7, '2025-09-24', '08:57:00', '17:31:00', 'Hadir', NULL, NULL, '2025-10-09 16:53:40', '2025-10-09 16:53:40'),
(197, 7, '2025-09-23', '08:14:00', '17:34:00', 'Hadir', NULL, NULL, '2025-10-09 16:53:40', '2025-10-09 16:53:40'),
(198, 7, '2025-09-22', '08:33:00', '17:50:00', 'Hadir', NULL, NULL, '2025-10-09 16:53:40', '2025-10-09 16:53:40'),
(199, 7, '2025-09-21', '08:51:00', '17:55:00', 'Hadir', NULL, NULL, '2025-10-09 16:53:40', '2025-10-09 16:53:40'),
(200, 7, '2025-09-20', '08:59:00', '17:55:00', 'Hadir', NULL, NULL, '2025-10-09 16:53:40', '2025-10-09 16:53:40'),
(201, 7, '2025-09-19', '08:06:00', '17:38:00', 'Hadir', NULL, NULL, '2025-10-09 16:53:40', '2025-10-09 16:53:40'),
(202, 7, '2025-09-18', '08:04:00', '17:55:00', 'Hadir', NULL, NULL, '2025-10-09 16:53:40', '2025-10-09 16:53:40'),
(203, 7, '2025-09-17', '08:47:00', '17:29:00', 'Hadir', NULL, NULL, '2025-10-09 16:53:40', '2025-10-09 16:53:40'),
(204, 7, '2025-09-16', '08:56:00', '17:23:00', 'Hadir', NULL, NULL, '2025-10-09 16:53:40', '2025-10-09 16:53:40'),
(205, 7, '2025-09-15', '08:43:00', '17:37:00', 'Hadir', NULL, NULL, '2025-10-09 16:53:40', '2025-10-09 16:53:40'),
(206, 7, '2025-09-14', '08:00:00', '17:55:00', 'Hadir', NULL, NULL, '2025-10-09 16:53:40', '2025-10-09 16:53:40'),
(207, 7, '2025-09-13', '08:49:00', '17:45:00', 'Hadir', NULL, NULL, '2025-10-09 16:53:40', '2025-10-09 16:53:40'),
(208, 7, '2025-09-12', '08:36:00', '17:56:00', 'Hadir', NULL, NULL, '2025-10-09 16:53:40', '2025-10-09 16:53:40'),
(209, 7, '2025-09-11', '08:35:00', '17:23:00', 'Hadir', NULL, NULL, '2025-10-09 16:53:40', '2025-10-09 16:53:40'),
(210, 7, '2025-09-10', '08:57:00', '17:03:00', 'Hadir', NULL, NULL, '2025-10-09 16:53:40', '2025-10-09 16:53:40'),
(211, 8, '2025-10-09', '08:07:00', '17:12:00', 'Hadir', NULL, NULL, '2025-10-09 16:53:40', '2025-10-09 16:53:40'),
(212, 8, '2025-10-08', '08:40:00', '17:57:00', 'Hadir', NULL, NULL, '2025-10-09 16:53:40', '2025-10-09 16:53:40'),
(213, 8, '2025-10-07', '08:17:00', '17:28:00', 'Hadir', NULL, NULL, '2025-10-09 16:53:40', '2025-10-09 16:53:40'),
(214, 8, '2025-10-06', '08:36:00', '17:43:00', 'Hadir', NULL, NULL, '2025-10-09 16:53:40', '2025-10-09 16:53:40'),
(215, 8, '2025-10-05', '08:47:00', '17:26:00', 'Hadir', NULL, NULL, '2025-10-09 16:53:40', '2025-10-09 16:53:40'),
(216, 8, '2025-10-04', '08:19:00', '17:12:00', 'Hadir', NULL, NULL, '2025-10-09 16:53:40', '2025-10-09 16:53:40'),
(217, 8, '2025-10-03', '08:14:00', '17:26:00', 'Hadir', NULL, NULL, '2025-10-09 16:53:40', '2025-10-09 16:53:40'),
(218, 8, '2025-10-02', '08:55:00', '17:28:00', 'Hadir', NULL, NULL, '2025-10-09 16:53:40', '2025-10-09 16:53:40'),
(219, 8, '2025-10-01', '08:29:00', '17:35:00', 'Hadir', NULL, NULL, '2025-10-09 16:53:40', '2025-10-09 16:53:40'),
(220, 8, '2025-09-30', '08:18:00', '17:46:00', 'Hadir', NULL, NULL, '2025-10-09 16:53:40', '2025-10-09 16:53:40'),
(221, 8, '2025-09-29', '08:41:00', '17:26:00', 'Hadir', NULL, NULL, '2025-10-09 16:53:40', '2025-10-09 16:53:40'),
(222, 8, '2025-09-28', '08:03:00', '17:46:00', 'Hadir', NULL, NULL, '2025-10-09 16:53:40', '2025-10-09 16:53:40'),
(223, 8, '2025-09-27', '08:23:00', '17:55:00', 'Hadir', NULL, NULL, '2025-10-09 16:53:40', '2025-10-09 16:53:40'),
(224, 8, '2025-09-26', '08:05:00', '17:09:00', 'Hadir', NULL, NULL, '2025-10-09 16:53:40', '2025-10-09 16:53:40'),
(225, 8, '2025-09-25', '08:48:00', '17:42:00', 'Hadir', NULL, NULL, '2025-10-09 16:53:40', '2025-10-09 16:53:40'),
(226, 8, '2025-09-24', '08:05:00', '17:49:00', 'Hadir', NULL, NULL, '2025-10-09 16:53:40', '2025-10-09 16:53:40'),
(227, 8, '2025-09-23', '08:56:00', '17:45:00', 'Hadir', NULL, NULL, '2025-10-09 16:53:40', '2025-10-09 16:53:40'),
(228, 8, '2025-09-22', '08:00:00', '17:47:00', 'Hadir', NULL, NULL, '2025-10-09 16:53:40', '2025-10-09 16:53:40'),
(229, 8, '2025-09-21', '08:08:00', '17:42:00', 'Hadir', NULL, NULL, '2025-10-09 16:53:40', '2025-10-09 16:53:40'),
(230, 8, '2025-09-20', '08:29:00', '17:13:00', 'Hadir', NULL, NULL, '2025-10-09 16:53:40', '2025-10-09 16:53:40'),
(231, 8, '2025-09-19', '08:11:00', '17:43:00', 'Hadir', NULL, NULL, '2025-10-09 16:53:40', '2025-10-09 16:53:40'),
(232, 8, '2025-09-18', '08:11:00', '17:37:00', 'Hadir', NULL, NULL, '2025-10-09 16:53:40', '2025-10-09 16:53:40'),
(233, 8, '2025-09-17', '08:16:00', '17:50:00', 'Hadir', NULL, NULL, '2025-10-09 16:53:40', '2025-10-09 16:53:40'),
(234, 8, '2025-09-16', '08:45:00', '17:30:00', 'Hadir', NULL, NULL, '2025-10-09 16:53:40', '2025-10-09 16:53:40'),
(235, 8, '2025-09-15', '08:13:00', '17:39:00', 'Hadir', NULL, NULL, '2025-10-09 16:53:40', '2025-10-09 16:53:40'),
(236, 8, '2025-09-14', '08:05:00', '17:58:00', 'Hadir', NULL, NULL, '2025-10-09 16:53:40', '2025-10-09 16:53:40'),
(237, 8, '2025-09-13', '08:53:00', '17:54:00', 'Hadir', NULL, NULL, '2025-10-09 16:53:40', '2025-10-09 16:53:40'),
(238, 8, '2025-09-12', '08:35:00', '17:26:00', 'Hadir', NULL, NULL, '2025-10-09 16:53:40', '2025-10-09 16:53:40'),
(239, 8, '2025-09-11', '08:44:00', '17:41:00', 'Hadir', NULL, NULL, '2025-10-09 16:53:40', '2025-10-09 16:53:40'),
(240, 8, '2025-09-10', '08:57:00', '17:59:00', 'Hadir', NULL, NULL, '2025-10-09 16:53:40', '2025-10-09 16:53:40'),
(361, 2, '2025-10-10', NULL, NULL, 'Absen', NULL, NULL, '2025-10-10 12:25:29', '2025-10-10 12:25:29'),
(362, 3, '2025-10-10', NULL, NULL, 'Absen', NULL, NULL, '2025-10-10 12:25:29', '2025-10-10 12:25:29'),
(363, 4, '2025-10-10', NULL, NULL, 'Absen', NULL, NULL, '2025-10-10 12:25:29', '2025-10-10 12:25:29'),
(364, 5, '2025-10-10', NULL, NULL, 'Absen', NULL, NULL, '2025-10-10 12:25:29', '2025-10-10 12:25:29'),
(365, 6, '2025-10-10', NULL, NULL, 'Absen', NULL, NULL, '2025-10-10 12:25:29', '2025-10-10 12:25:29'),
(366, 7, '2025-10-10', NULL, NULL, 'Absen', NULL, NULL, '2025-10-10 12:25:29', '2025-10-10 12:25:29'),
(367, 8, '2025-10-10', NULL, NULL, 'Absen', NULL, NULL, '2025-10-10 12:25:29', '2025-10-10 12:25:29'),
(368, 13, '2025-10-10', NULL, NULL, 'Absen', NULL, NULL, '2025-10-10 12:25:29', '2025-10-10 12:25:29'),
(369, 13, '2025-12-02', '12:18:58', '19:07:13', 'Terlambat', NULL, NULL, '2025-12-02 05:18:58', '2025-12-02 12:07:13'),
(370, 2, '2025-12-02', NULL, NULL, 'Absen', NULL, NULL, '2025-12-02 06:01:00', '2025-12-02 06:01:00'),
(371, 3, '2025-12-02', NULL, NULL, 'Absen', NULL, NULL, '2025-12-02 06:01:00', '2025-12-02 06:01:00'),
(372, 4, '2025-12-02', NULL, NULL, 'Absen', NULL, NULL, '2025-12-02 06:01:00', '2025-12-02 06:01:00'),
(373, 5, '2025-12-02', NULL, NULL, 'Absen', NULL, NULL, '2025-12-02 06:01:00', '2025-12-02 06:01:00'),
(374, 6, '2025-12-02', NULL, NULL, 'Absen', NULL, NULL, '2025-12-02 06:01:00', '2025-12-02 06:01:00'),
(375, 7, '2025-12-02', NULL, NULL, 'Absen', NULL, NULL, '2025-12-02 06:01:00', '2025-12-02 06:01:00'),
(376, 8, '2025-12-02', NULL, NULL, 'Absen', NULL, NULL, '2025-12-02 06:01:00', '2025-12-02 06:01:00');

-- --------------------------------------------------------

--
-- Table structure for table `master_potongans`
--

CREATE TABLE `master_potongans` (
  `id` bigint UNSIGNED NOT NULL,
  `nama_potongan` varchar(100) COLLATE utf8mb4_unicode_ci NOT NULL,
  `deskripsi` text COLLATE utf8mb4_unicode_ci,
  `jumlah_default` decimal(15,2) DEFAULT NULL COMMENT 'Nilai default untuk potongan',
  `created_at` timestamp NULL DEFAULT NULL,
  `updated_at` timestamp NULL DEFAULT NULL
) ENGINE=InnoDB DEFAULT CHARSET=utf8mb4 COLLATE=utf8mb4_unicode_ci;

--
-- Dumping data for table `master_potongans`
--

INSERT INTO `master_potongans` (`id`, `nama_potongan`, `deskripsi`, `jumlah_default`, `created_at`, `updated_at`) VALUES
(1, 'Potongan Keterlambatan', 'Denda per kejadian keterlambatan masuk kerja.', 50000.00, '2025-10-09 16:53:40', '2025-10-09 16:53:40'),
(2, 'Potongan BPJS Kesehatan', 'Iuran bulanan untuk BPJS Kesehatan (1% dari gaji).', 50000.00, '2025-10-09 16:53:40', '2025-10-09 16:53:40'),
(3, 'Potongan PPh 21', 'Pajak penghasilan sesuai peraturan pemerintah.', NULL, '2025-10-09 16:53:40', '2025-10-09 16:53:40');

-- --------------------------------------------------------

--
-- Table structure for table `master_tunjangans`
--

CREATE TABLE `master_tunjangans` (
  `id` bigint UNSIGNED NOT NULL,
  `nama_tunjangan` varchar(100) COLLATE utf8mb4_unicode_ci NOT NULL,
  `deskripsi` text COLLATE utf8mb4_unicode_ci,
  `jumlah_default` decimal(15,2) DEFAULT NULL COMMENT 'Nilai default untuk tunjangan',
  `created_at` timestamp NULL DEFAULT NULL,
  `updated_at` timestamp NULL DEFAULT NULL
) ENGINE=InnoDB DEFAULT CHARSET=utf8mb4 COLLATE=utf8mb4_unicode_ci;

--
-- Dumping data for table `master_tunjangans`
--

INSERT INTO `master_tunjangans` (`id`, `nama_tunjangan`, `deskripsi`, `jumlah_default`, `created_at`, `updated_at`) VALUES
(1, 'Tunjangan Transportasi', 'Tunjangan untuk biaya transportasi bulanan.', 500000.00, '2025-10-09 16:53:40', '2025-10-09 16:53:40'),
(2, 'Tunjangan Makan', 'Tunjangan untuk biaya makan harian.', 440000.00, '2025-10-09 16:53:40', '2025-10-09 16:53:40'),
(3, 'Tunjangan Komunikasi', 'Tunjangan untuk pulsa atau paket data.', 150000.00, '2025-10-09 16:53:40', '2025-10-09 16:53:40'),
(4, 'Bonus Kinerja', 'Bonus yang diberikan berdasarkan pencapaian target.', NULL, '2025-10-09 16:53:40', '2025-10-09 16:53:40');

-- --------------------------------------------------------

--
-- Table structure for table `meetings`
--

CREATE TABLE `meetings` (
  `id` bigint UNSIGNED NOT NULL,
  `judul` varchar(255) COLLATE utf8mb4_unicode_ci NOT NULL,
  `deskripsi` text COLLATE utf8mb4_unicode_ci,
  `waktu_mulai` datetime NOT NULL,
  `waktu_selesai` datetime NOT NULL,
  `lokasi` varchar(255) COLLATE utf8mb4_unicode_ci DEFAULT NULL,
  `pembuat_id` bigint UNSIGNED NOT NULL,
  `created_at` timestamp NULL DEFAULT NULL,
  `updated_at` timestamp NULL DEFAULT NULL
) ENGINE=InnoDB DEFAULT CHARSET=utf8mb4 COLLATE=utf8mb4_unicode_ci;

-- --------------------------------------------------------

--
-- Table structure for table `meeting_pesertas`
--

CREATE TABLE `meeting_pesertas` (
  `id` bigint UNSIGNED NOT NULL,
  `meeting_id` bigint UNSIGNED NOT NULL,
  `pegawai_id` bigint UNSIGNED NOT NULL,
  `created_at` timestamp NULL DEFAULT NULL,
  `updated_at` timestamp NULL DEFAULT NULL
) ENGINE=InnoDB DEFAULT CHARSET=utf8mb4 COLLATE=utf8mb4_unicode_ci;

-- --------------------------------------------------------

--
-- Table structure for table `migrations`
--

CREATE TABLE `migrations` (
  `id` int UNSIGNED NOT NULL,
  `migration` varchar(255) COLLATE utf8mb4_unicode_ci NOT NULL,
  `batch` int NOT NULL
) ENGINE=InnoDB DEFAULT CHARSET=utf8mb4 COLLATE=utf8mb4_unicode_ci;

--
-- Dumping data for table `migrations`
--

INSERT INTO `migrations` (`id`, `migration`, `batch`) VALUES
(1, '0001_01_01_000001_create_cache_table', 1),
(2, '0001_01_01_000002_create_jobs_table', 1),
(3, '2025_09_20_142043_create_sessions_table', 1),
(4, '2025_09_24_034209_create_users_table', 1),
(5, '2025_09_24_034210_create_jabatans_table', 1),
(6, '2025_09_24_034211_create_divisis_table', 1),
(7, '2025_09_24_034212_create_master_tunjangans_table', 1),
(8, '2025_09_24_034213_create_master_potongans_table', 1),
(9, '2025_09_24_034404_create_tims_table', 1),
(10, '2025_09_24_034405_create_pegawais_table', 1),
(11, '2025_09_24_034406_create_hari_liburs_table', 1),
(12, '2025_09_24_034407_create_pengumumen_table', 1),
(13, '2025_09_24_034515_create_kehadirans_table', 1),
(14, '2025_09_24_034516_create_tugas_table', 1),
(15, '2025_09_24_034517_create_cutis_table', 1),
(16, '2025_09_24_034518_create_gajis_table', 1),
(17, '2025_09_24_034518_create_meetings_table', 1),
(18, '2025_09_24_034646_create_pengumuman_penerimas_table', 1),
(19, '2025_09_24_034647_create_meeting_pesertas_table', 1),
(20, '2025_09_24_034648_create_gaji_tunjangan_details_table', 1),
(21, '2025_09_24_034649_create_gaji_potongan_details_table', 1),
(22, '2025_09_30_050941_create_tugas_pengumpulan_table', 1),
(23, '2025_09_30_153551_create_sisa_cutis_table', 1),
(24, '2025_10_06_150617_add_cuti_status_to_kehadiran_table', 1),
(25, '2025_10_07_100137_create_mark_absent_mysql_event', 1),
(26, '2025_10_07_100206_create_auto_pulang_mysql_event', 1);

-- --------------------------------------------------------

--
-- Table structure for table `pegawais`
--

CREATE TABLE `pegawais` (
  `id` bigint UNSIGNED NOT NULL,
  `user_id` bigint UNSIGNED NOT NULL,
  `jabatan_id` bigint UNSIGNED NOT NULL,
  `tim_id` bigint UNSIGNED DEFAULT NULL,
  `nama` varchar(100) COLLATE utf8mb4_unicode_ci NOT NULL,
  `email` varchar(100) COLLATE utf8mb4_unicode_ci NOT NULL,
  `no_hp` varchar(30) COLLATE utf8mb4_unicode_ci DEFAULT NULL,
  `nama_bank` varchar(50) COLLATE utf8mb4_unicode_ci DEFAULT NULL,
  `nomor_rekening` varchar(50) COLLATE utf8mb4_unicode_ci DEFAULT NULL,
  `alamat` text COLLATE utf8mb4_unicode_ci,
  `tanggal_masuk` date DEFAULT NULL,
  `gaji_pokok` decimal(15,2) NOT NULL DEFAULT '0.00',
  `sisa_cuti_tahunan` tinyint NOT NULL DEFAULT '12',
  `created_at` timestamp NULL DEFAULT NULL,
  `updated_at` timestamp NULL DEFAULT NULL
) ENGINE=InnoDB DEFAULT CHARSET=utf8mb4 COLLATE=utf8mb4_unicode_ci;

--
-- Dumping data for table `pegawais`
--

INSERT INTO `pegawais` (`id`, `user_id`, `jabatan_id`, `tim_id`, `nama`, `email`, `no_hp`, `nama_bank`, `nomor_rekening`, `alamat`, `tanggal_masuk`, `gaji_pokok`, `sisa_cuti_tahunan`, `created_at`, `updated_at`) VALUES
(1, 1, 1, 4, 'Administrator', 'ad@contoh.com', '1-209-483-4030', 'BCA', '9629471374', '607 Patience Motorway\nSchuliststad, NV 33209-8255', '2022-10-09', 15000000.00, 12, '2025-10-09 16:53:40', '2025-10-09 16:53:40'),
(2, 2, 1, 3, 'Kennith Hoppe MD', 'budi.manager@contoh.com', '+1 (831) 239-0420', 'BNI', '3349200035', '44586 Kilback Route\nEast Sienna, NJ 50946', '2024-11-18', 8000000.00, 12, '2025-10-09 16:53:40', '2025-10-09 16:53:40'),
(3, 3, 3, 3, 'Miss Shana Labadie', 'dorris13@example.org', '267.722.7598', 'CIMB Niaga', '8275471967', '33175 Hills Cape\nSouth Gracemouth, AK 31281-3047', '2025-06-09', 5382029.00, 12, '2025-10-09 16:53:40', '2025-10-09 16:53:40'),
(4, 4, 2, 3, 'Romaine DuBuque', 'colin.fritsch@example.org', '+1 (901) 603-4671', 'CIMB Niaga', '5854139621', '64604 Haag Land\nCarolyneburgh, DC 29391-8737', '2024-12-04', 5461198.00, 12, '2025-10-09 16:53:40', '2025-10-09 16:53:40'),
(5, 5, 2, 4, 'Dasia Shanahan', 'nyasia17@example.com', '+1 (540) 367-2554', 'Bank Mandiri', '9315831502', '290 Brown Divide\nSchusterton, WA 19365', '2024-11-12', 4888885.00, 12, '2025-10-09 16:53:40', '2025-10-09 16:53:40'),
(6, 6, 3, 1, 'Mr. Blaze Price Jr.', 'hkoepp@example.org', '+1.862.973.7264', 'CIMB Niaga', '0568845025', '72872 Wintheiser Mission Apt. 550\nHagenestown, TX 77816-3492', '2025-08-20', 4640672.00, 12, '2025-10-09 16:53:40', '2025-10-09 16:53:40'),
(7, 7, 2, 2, 'Ayla Gerlach', 'goyette.malika@example.org', '620-568-3214', 'BNI', '5970814875', '34465 Jevon Curve\nUllrichville, MO 56846', '2024-12-21', 5604186.00, 12, '2025-10-09 16:53:40', '2025-10-09 16:53:40'),
(8, 8, 2, 1, 'Terrill Von I', 'lamont58@example.com', '706.526.6575', 'Bank Mandiri', '7337171378', '687 Cronin Ports Suite 855\nVolkmanhaven, NV 24992', '2025-03-06', 4689941.00, 12, '2025-10-09 16:53:40', '2025-10-09 16:53:40'),
(13, 13, 1, 2, 'Faza Abshar', 'faza@gmail.com', '7777777777777', 'BNI', '9334722718', 'zaza', '2025-10-25', 50000000.00, 12, '2025-10-09 17:38:26', '2025-10-09 17:38:26');

-- --------------------------------------------------------

--
-- Table structure for table `pengumuman`
--

CREATE TABLE `pengumuman` (
  `id` bigint UNSIGNED NOT NULL,
  `user_id` bigint UNSIGNED NOT NULL,
  `judul` varchar(255) COLLATE utf8mb4_unicode_ci NOT NULL,
  `isi` text COLLATE utf8mb4_unicode_ci NOT NULL,
  `created_at` timestamp NULL DEFAULT NULL,
  `updated_at` timestamp NULL DEFAULT NULL
) ENGINE=InnoDB DEFAULT CHARSET=utf8mb4 COLLATE=utf8mb4_unicode_ci;

--
-- Dumping data for table `pengumuman`
--

INSERT INTO `pengumuman` (`id`, `user_id`, `judul`, `isi`, `created_at`, `updated_at`) VALUES
(3, 1, 'Meeting Pagi', 'jangan terlambat', '2025-12-02 05:18:31', '2025-12-02 05:18:31');

-- --------------------------------------------------------

--
-- Table structure for table `pengumuman_penerimas`
--

CREATE TABLE `pengumuman_penerimas` (
  `id` bigint UNSIGNED NOT NULL,
  `pengumuman_id` bigint UNSIGNED NOT NULL,
  `target_type` enum('semua','divisi','tim','jabatan','pegawai') COLLATE utf8mb4_unicode_ci NOT NULL,
  `target_id` bigint UNSIGNED DEFAULT NULL,
  `created_at` timestamp NULL DEFAULT NULL,
  `updated_at` timestamp NULL DEFAULT NULL
) ENGINE=InnoDB DEFAULT CHARSET=utf8mb4 COLLATE=utf8mb4_unicode_ci;

--
-- Dumping data for table `pengumuman_penerimas`
--

INSERT INTO `pengumuman_penerimas` (`id`, `pengumuman_id`, `target_type`, `target_id`, `created_at`, `updated_at`) VALUES
(3, 3, 'jabatan', 1, '2025-12-02 05:18:31', '2025-12-02 05:18:31');

-- --------------------------------------------------------

--
-- Table structure for table `sessions`
--

CREATE TABLE `sessions` (
  `id` varchar(255) COLLATE utf8mb4_unicode_ci NOT NULL,
  `user_id` bigint UNSIGNED DEFAULT NULL,
  `ip_address` varchar(45) COLLATE utf8mb4_unicode_ci DEFAULT NULL,
  `user_agent` text COLLATE utf8mb4_unicode_ci,
  `payload` longtext COLLATE utf8mb4_unicode_ci NOT NULL,
  `last_activity` int NOT NULL
) ENGINE=InnoDB DEFAULT CHARSET=utf8mb4 COLLATE=utf8mb4_unicode_ci;

--
-- Dumping data for table `sessions`
--

INSERT INTO `sessions` (`id`, `user_id`, `ip_address`, `user_agent`, `payload`, `last_activity`) VALUES
('1lgwLQpcLZB69zcjHH0VEK0GZV8lOKA8vDm1Up7y', NULL, '127.0.0.1', 'Mozilla/5.0 (Macintosh; Intel Mac OS X 10_15_7) AppleWebKit/537.36 (KHTML, like Gecko) Chrome/142.0.0.0 Safari/537.36', 'YTozOntzOjY6Il90b2tlbiI7czo0MDoiSllSRml0c0hhVTZ5UTBwdXBlSkRKUG83NGo5VXlkaEtmV2dlT3RkOCI7czo2OiJfZmxhc2giO2E6Mjp7czozOiJvbGQiO2E6MDp7fXM6MzoibmV3IjthOjA6e319czo5OiJfcHJldmlvdXMiO2E6MTp7czozOiJ1cmwiO3M6Mjc6Imh0dHA6Ly8xMjcuMC4wLjE6ODAwMC9sb2dpbiI7fX0=', 1764677274),
('7GCrrcJsCOYC7NC6znObwAeLmOBCtnbCkfCXllHy', NULL, '127.0.0.1', 'Mozilla/5.0 (Macintosh; Intel Mac OS X 10_15_7) AppleWebKit/537.36 (KHTML, like Gecko) Chrome/142.0.0.0 Safari/537.36', 'YTo0OntzOjY6Il90b2tlbiI7czo0MDoiTEI3RnVBVk9ZU011OHBoQkdvdGhVWkk2b2tYZUg5NEtXZFBiczk4cyI7czozOiJ1cmwiO2E6MTp7czo4OiJpbnRlbmRlZCI7czozNzoiaHR0cDovLzEyNy4wLjAuMTo4MDAwL2FkbWluL2tlaGFkaXJhbiI7fXM6OToiX3ByZXZpb3VzIjthOjE6e3M6MzoidXJsIjtzOjI3OiJodHRwOi8vMTI3LjAuMC4xOjgwMDAvbG9naW4iO31zOjY6Il9mbGFzaCI7YToyOntzOjM6Im9sZCI7YTowOnt9czozOiJuZXciO2E6MDp7fX19', 1764668300),
('n6H5rMSo6oPeMxYK5vaLqNM8lAoiQPl9sp94Rc71', 1, '127.0.0.1', 'Mozilla/5.0 (Macintosh; Intel Mac OS X 10_15_7) AppleWebKit/537.36 (KHTML, like Gecko) Chrome/142.0.0.0 Safari/537.36', 'YTo0OntzOjY6Il90b2tlbiI7czo0MDoiS0hKbEVTRXBTRDBTMkp2cFpPVXNoYk5uSTlCVzhlYWViTmlPamxzTCI7czo2OiJfZmxhc2giO2E6Mjp7czozOiJvbGQiO2E6MDp7fXM6MzoibmV3IjthOjA6e319czo5OiJfcHJldmlvdXMiO2E6MTp7czozOiJ1cmwiO3M6Mzc6Imh0dHA6Ly8xMjcuMC4wLjE6ODAwMC9hZG1pbi9kYXNoYm9hcmQiO31zOjUwOiJsb2dpbl93ZWJfNTliYTM2YWRkYzJiMmY5NDAxNTgwZjAxNGM3ZjU4ZWE0ZTMwOTg5ZCI7aToxO30=', 1764652877);

-- --------------------------------------------------------

--
-- Table structure for table `sisa_cutis`
--

CREATE TABLE `sisa_cutis` (
  `id` bigint UNSIGNED NOT NULL,
  `pegawai_id` bigint UNSIGNED NOT NULL,
  `sisa_cuti` tinyint NOT NULL DEFAULT '12',
  `created_at` timestamp NULL DEFAULT NULL,
  `updated_at` timestamp NULL DEFAULT NULL
) ENGINE=InnoDB DEFAULT CHARSET=utf8mb4 COLLATE=utf8mb4_unicode_ci;

--
-- Dumping data for table `sisa_cutis`
--

INSERT INTO `sisa_cutis` (`id`, `pegawai_id`, `sisa_cuti`, `created_at`, `updated_at`) VALUES
(1, 1, 12, '2025-10-09 16:53:40', '2025-10-09 16:53:40'),
(2, 2, 12, '2025-10-09 16:53:40', '2025-10-09 16:53:40'),
(3, 3, 12, '2025-10-09 16:53:40', '2025-10-09 16:53:40'),
(4, 4, 12, '2025-10-09 16:53:40', '2025-10-09 16:53:40'),
(5, 5, 12, '2025-10-09 16:53:40', '2025-10-09 16:53:40'),
(6, 6, 12, '2025-10-09 16:53:40', '2025-10-09 16:53:40'),
(7, 7, 12, '2025-10-09 16:53:40', '2025-10-09 16:53:40'),
(8, 8, 12, '2025-10-09 16:53:40', '2025-10-09 16:53:40'),
(13, 13, 12, '2025-10-09 17:38:57', '2025-10-09 17:38:57');

-- --------------------------------------------------------

--
-- Table structure for table `tims`
--

CREATE TABLE `tims` (
  `id` bigint UNSIGNED NOT NULL,
  `divisi_id` bigint UNSIGNED NOT NULL,
  `nama_tim` varchar(100) COLLATE utf8mb4_unicode_ci NOT NULL,
  `created_at` timestamp NULL DEFAULT NULL,
  `updated_at` timestamp NULL DEFAULT NULL
) ENGINE=InnoDB DEFAULT CHARSET=utf8mb4 COLLATE=utf8mb4_unicode_ci;

--
-- Dumping data for table `tims`
--

INSERT INTO `tims` (`id`, `divisi_id`, `nama_tim`, `created_at`, `updated_at`) VALUES
(1, 1, 'Software Development', '2025-10-09 16:53:40', '2025-10-09 16:53:40'),
(2, 1, 'IT Support', '2025-10-09 16:53:40', '2025-10-09 16:53:40'),
(3, 3, 'Digital Marketing', '2025-10-09 16:53:40', '2025-10-09 16:53:40'),
(4, 2, 'Rekrutmen', '2025-10-09 16:53:40', '2025-10-09 16:53:40');

-- --------------------------------------------------------

--
-- Table structure for table `tugas`
--

CREATE TABLE `tugas` (
  `id` bigint UNSIGNED NOT NULL,
  `judul_tugas` varchar(255) COLLATE utf8mb4_unicode_ci NOT NULL,
  `deskripsi` text COLLATE utf8mb4_unicode_ci,
  `pemberi_id` bigint UNSIGNED NOT NULL,
  `penerima_id` bigint UNSIGNED NOT NULL,
  `tenggat_waktu` datetime DEFAULT NULL,
  `status` enum('Baru','Dikerjakan','Selesai','Ditinjau') COLLATE utf8mb4_unicode_ci NOT NULL DEFAULT 'Baru',
  `created_at` timestamp NULL DEFAULT NULL,
  `updated_at` timestamp NULL DEFAULT NULL
) ENGINE=InnoDB DEFAULT CHARSET=utf8mb4 COLLATE=utf8mb4_unicode_ci;

--
-- Dumping data for table `tugas`
--

INSERT INTO `tugas` (`id`, `judul_tugas`, `deskripsi`, `pemberi_id`, `penerima_id`, `tenggat_waktu`, `status`, `created_at`, `updated_at`) VALUES
(1, 'Selesaikan laporan bulanan', NULL, 1, 2, '2025-10-14 23:53:40', 'Dikerjakan', '2025-10-09 16:53:40', '2025-10-09 16:53:40'),
(2, 'Selesaikan laporan bulanan', NULL, 1, 3, '2025-10-14 23:53:40', 'Dikerjakan', '2025-10-09 16:53:40', '2025-10-09 16:53:40'),
(3, 'Selesaikan laporan bulanan', NULL, 1, 4, '2025-10-14 23:53:40', 'Dikerjakan', '2025-10-09 16:53:40', '2025-10-09 16:53:40'),
(4, 'Selesaikan laporan bulanan', NULL, 1, 5, '2025-10-14 23:53:40', 'Dikerjakan', '2025-10-09 16:53:40', '2025-10-09 16:53:40'),
(5, 'Selesaikan laporan bulanan', NULL, 1, 6, '2025-10-14 23:53:40', 'Dikerjakan', '2025-10-09 16:53:40', '2025-10-09 16:53:40'),
(6, 'Selesaikan laporan bulanan', NULL, 1, 7, '2025-10-14 23:53:40', 'Dikerjakan', '2025-10-09 16:53:40', '2025-10-09 16:53:40'),
(7, 'Selesaikan laporan bulanan', NULL, 1, 8, '2025-10-14 23:53:40', 'Dikerjakan', '2025-10-09 16:53:40', '2025-10-09 16:53:40');

-- --------------------------------------------------------

--
-- Table structure for table `tugas_pengumpulan`
--

CREATE TABLE `tugas_pengumpulan` (
  `id` bigint UNSIGNED NOT NULL,
  `tugas_id` bigint UNSIGNED NOT NULL,
  `pegawai_id` bigint UNSIGNED NOT NULL,
  `file` varchar(255) COLLATE utf8mb4_unicode_ci NOT NULL,
  `catatan` text COLLATE utf8mb4_unicode_ci,
  `status` enum('pending','diterima','revisi') COLLATE utf8mb4_unicode_ci NOT NULL DEFAULT 'pending',
  `created_at` timestamp NULL DEFAULT NULL,
  `updated_at` timestamp NULL DEFAULT NULL
) ENGINE=InnoDB DEFAULT CHARSET=utf8mb4 COLLATE=utf8mb4_unicode_ci;

-- --------------------------------------------------------

--
-- Table structure for table `users`
--

CREATE TABLE `users` (
  `id` bigint UNSIGNED NOT NULL,
  `username` varchar(50) COLLATE utf8mb4_unicode_ci NOT NULL,
  `email` varchar(255) COLLATE utf8mb4_unicode_ci NOT NULL,
  `email_verified_at` timestamp NULL DEFAULT NULL,
  `password` varchar(255) COLLATE utf8mb4_unicode_ci NOT NULL,
  `role` enum('admin','pegawai') COLLATE utf8mb4_unicode_ci NOT NULL,
  `remember_token` varchar(100) COLLATE utf8mb4_unicode_ci DEFAULT NULL,
  `created_at` timestamp NULL DEFAULT NULL,
  `updated_at` timestamp NULL DEFAULT NULL
) ENGINE=InnoDB DEFAULT CHARSET=utf8mb4 COLLATE=utf8mb4_unicode_ci;

--
-- Dumping data for table `users`
--

INSERT INTO `users` (`id`, `username`, `email`, `email_verified_at`, `password`, `role`, `remember_token`, `created_at`, `updated_at`) VALUES
(1, 'admin', 'ad@contoh.com', '2025-10-09 16:53:39', '$2y$12$uxdGfOrz95NBJAsvCWO1AOo59a937LrF0G/A1H1l4rrfr/SW5EMXS', 'admin', NULL, '2025-10-09 16:53:39', '2025-10-09 16:53:39'),
(2, 'budi_manager', 'budi.manager@contoh.com', '2025-10-09 16:53:39', '$2y$12$OpJP1Fj1dDhcUvlFXApCbe53vzc8jN6oNgpw/Yq9skX3xYVPHs18O', 'pegawai', NULL, '2025-10-09 16:53:39', '2025-10-09 16:53:39'),
(3, 'mohamed02', 'dorris13@example.org', '2025-10-09 16:53:40', '$2y$12$Na2TpsUVAnE.AKCbAL6C8uTvH7pCDCkZ1ZbEbMF8Wy9jGKw3SlHOK', 'pegawai', 'HmPtFW5PUf', '2025-10-09 16:53:40', '2025-10-09 16:53:40'),
(4, 'tad.ward', 'colin.fritsch@example.org', '2025-10-09 16:53:40', '$2y$12$Na2TpsUVAnE.AKCbAL6C8uTvH7pCDCkZ1ZbEbMF8Wy9jGKw3SlHOK', 'pegawai', 'Sg3UDWSaxA', '2025-10-09 16:53:40', '2025-10-09 16:53:40'),
(5, 'johnathon04', 'nyasia17@example.com', '2025-10-09 16:53:40', '$2y$12$Na2TpsUVAnE.AKCbAL6C8uTvH7pCDCkZ1ZbEbMF8Wy9jGKw3SlHOK', 'pegawai', 'mdNaKhVVPN', '2025-10-09 16:53:40', '2025-10-09 16:53:40'),
(6, 'bednar.prudence', 'hkoepp@example.org', '2025-10-09 16:53:40', '$2y$12$Na2TpsUVAnE.AKCbAL6C8uTvH7pCDCkZ1ZbEbMF8Wy9jGKw3SlHOK', 'pegawai', 'RYgTR35nl7', '2025-10-09 16:53:40', '2025-10-09 16:53:40'),
(7, 'hcummings', 'goyette.malika@example.org', '2025-10-09 16:53:40', '$2y$12$Na2TpsUVAnE.AKCbAL6C8uTvH7pCDCkZ1ZbEbMF8Wy9jGKw3SlHOK', 'pegawai', 'acHYhtGVms', '2025-10-09 16:53:40', '2025-10-09 16:53:40'),
(8, 'malinda.rolfson', 'lamont58@example.com', '2025-10-09 16:53:40', '$2y$12$Na2TpsUVAnE.AKCbAL6C8uTvH7pCDCkZ1ZbEbMF8Wy9jGKw3SlHOK', 'pegawai', 't90reKP92Y', '2025-10-09 16:53:40', '2025-10-09 16:53:40'),
(13, 'faza', 'faza@gmail.com', NULL, '$2y$12$8oLWdpJmBfRMEPMSa8/ai.dDA52KDaCk6guwQjOu8zKf3dZaH50l.', 'pegawai', NULL, '2025-10-09 17:38:26', '2025-11-30 03:37:03');

--
-- Indexes for dumped tables
--

--
-- Indexes for table `cache`
--
ALTER TABLE `cache`
  ADD PRIMARY KEY (`key`);

--
-- Indexes for table `cache_locks`
--
ALTER TABLE `cache_locks`
  ADD PRIMARY KEY (`key`);

--
-- Indexes for table `cutis`
--
ALTER TABLE `cutis`
  ADD PRIMARY KEY (`id`),
  ADD KEY `cutis_pegawai_id_foreign` (`pegawai_id`),
  ADD KEY `cutis_disetujui_oleh_id_foreign` (`disetujui_oleh_id`);

--
-- Indexes for table `divisis`
--
ALTER TABLE `divisis`
  ADD PRIMARY KEY (`id`);

--
-- Indexes for table `failed_jobs`
--
ALTER TABLE `failed_jobs`
  ADD PRIMARY KEY (`id`),
  ADD UNIQUE KEY `failed_jobs_uuid_unique` (`uuid`);

--
-- Indexes for table `gajis`
--
ALTER TABLE `gajis`
  ADD PRIMARY KEY (`id`),
  ADD KEY `gajis_pegawai_id_foreign` (`pegawai_id`);

--
-- Indexes for table `gaji_potongan_details`
--
ALTER TABLE `gaji_potongan_details`
  ADD PRIMARY KEY (`id`),
  ADD KEY `gaji_potongan_details_gaji_id_foreign` (`gaji_id`),
  ADD KEY `gaji_potongan_details_master_potongan_id_foreign` (`master_potongan_id`);

--
-- Indexes for table `gaji_tunjangan_details`
--
ALTER TABLE `gaji_tunjangan_details`
  ADD PRIMARY KEY (`id`),
  ADD KEY `gaji_tunjangan_details_gaji_id_foreign` (`gaji_id`),
  ADD KEY `gaji_tunjangan_details_master_tunjangan_id_foreign` (`master_tunjangan_id`);

--
-- Indexes for table `hari_liburs`
--
ALTER TABLE `hari_liburs`
  ADD PRIMARY KEY (`id`),
  ADD UNIQUE KEY `hari_liburs_tanggal_unique` (`tanggal`),
  ADD KEY `hari_liburs_user_id_foreign` (`user_id`);

--
-- Indexes for table `jabatans`
--
ALTER TABLE `jabatans`
  ADD PRIMARY KEY (`id`);

--
-- Indexes for table `jobs`
--
ALTER TABLE `jobs`
  ADD PRIMARY KEY (`id`),
  ADD KEY `jobs_queue_index` (`queue`);

--
-- Indexes for table `job_batches`
--
ALTER TABLE `job_batches`
  ADD PRIMARY KEY (`id`);

--
-- Indexes for table `kehadirans`
--
ALTER TABLE `kehadirans`
  ADD PRIMARY KEY (`id`),
  ADD KEY `kehadirans_pegawai_id_foreign` (`pegawai_id`);

--
-- Indexes for table `master_potongans`
--
ALTER TABLE `master_potongans`
  ADD PRIMARY KEY (`id`),
  ADD UNIQUE KEY `master_potongans_nama_potongan_unique` (`nama_potongan`);

--
-- Indexes for table `master_tunjangans`
--
ALTER TABLE `master_tunjangans`
  ADD PRIMARY KEY (`id`),
  ADD UNIQUE KEY `master_tunjangans_nama_tunjangan_unique` (`nama_tunjangan`);

--
-- Indexes for table `meetings`
--
ALTER TABLE `meetings`
  ADD PRIMARY KEY (`id`),
  ADD KEY `meetings_pembuat_id_foreign` (`pembuat_id`);

--
-- Indexes for table `meeting_pesertas`
--
ALTER TABLE `meeting_pesertas`
  ADD PRIMARY KEY (`id`),
  ADD KEY `meeting_pesertas_meeting_id_foreign` (`meeting_id`),
  ADD KEY `meeting_pesertas_pegawai_id_foreign` (`pegawai_id`);

--
-- Indexes for table `migrations`
--
ALTER TABLE `migrations`
  ADD PRIMARY KEY (`id`);

--
-- Indexes for table `pegawais`
--
ALTER TABLE `pegawais`
  ADD PRIMARY KEY (`id`),
  ADD UNIQUE KEY `pegawais_user_id_unique` (`user_id`),
  ADD UNIQUE KEY `pegawais_email_unique` (`email`),
  ADD KEY `pegawais_jabatan_id_foreign` (`jabatan_id`),
  ADD KEY `pegawais_tim_id_foreign` (`tim_id`);

--
-- Indexes for table `pengumuman`
--
ALTER TABLE `pengumuman`
  ADD PRIMARY KEY (`id`),
  ADD KEY `pengumuman_user_id_foreign` (`user_id`);

--
-- Indexes for table `pengumuman_penerimas`
--
ALTER TABLE `pengumuman_penerimas`
  ADD PRIMARY KEY (`id`),
  ADD KEY `pengumuman_penerimas_pengumuman_id_foreign` (`pengumuman_id`);

--
-- Indexes for table `sessions`
--
ALTER TABLE `sessions`
  ADD PRIMARY KEY (`id`),
  ADD KEY `sessions_user_id_index` (`user_id`),
  ADD KEY `sessions_last_activity_index` (`last_activity`);

--
-- Indexes for table `sisa_cutis`
--
ALTER TABLE `sisa_cutis`
  ADD PRIMARY KEY (`id`),
  ADD UNIQUE KEY `sisa_cutis_pegawai_id_unique` (`pegawai_id`);

--
-- Indexes for table `tims`
--
ALTER TABLE `tims`
  ADD PRIMARY KEY (`id`),
  ADD KEY `tims_divisi_id_foreign` (`divisi_id`);

--
-- Indexes for table `tugas`
--
ALTER TABLE `tugas`
  ADD PRIMARY KEY (`id`),
  ADD KEY `tugas_pemberi_id_foreign` (`pemberi_id`),
  ADD KEY `tugas_penerima_id_foreign` (`penerima_id`);

--
-- Indexes for table `tugas_pengumpulan`
--
ALTER TABLE `tugas_pengumpulan`
  ADD PRIMARY KEY (`id`),
  ADD KEY `tugas_pengumpulan_tugas_id_foreign` (`tugas_id`),
  ADD KEY `tugas_pengumpulan_pegawai_id_foreign` (`pegawai_id`);

--
-- Indexes for table `users`
--
ALTER TABLE `users`
  ADD PRIMARY KEY (`id`),
  ADD UNIQUE KEY `users_username_unique` (`username`),
  ADD UNIQUE KEY `users_email_unique` (`email`);

--
-- AUTO_INCREMENT for dumped tables
--

--
-- AUTO_INCREMENT for table `cutis`
--
ALTER TABLE `cutis`
  MODIFY `id` bigint UNSIGNED NOT NULL AUTO_INCREMENT, AUTO_INCREMENT=13;

--
-- AUTO_INCREMENT for table `divisis`
--
ALTER TABLE `divisis`
  MODIFY `id` bigint UNSIGNED NOT NULL AUTO_INCREMENT, AUTO_INCREMENT=4;

--
-- AUTO_INCREMENT for table `failed_jobs`
--
ALTER TABLE `failed_jobs`
  MODIFY `id` bigint UNSIGNED NOT NULL AUTO_INCREMENT;

--
-- AUTO_INCREMENT for table `gajis`
--
ALTER TABLE `gajis`
  MODIFY `id` bigint UNSIGNED NOT NULL AUTO_INCREMENT, AUTO_INCREMENT=14;

--
-- AUTO_INCREMENT for table `gaji_potongan_details`
--
ALTER TABLE `gaji_potongan_details`
  MODIFY `id` bigint UNSIGNED NOT NULL AUTO_INCREMENT, AUTO_INCREMENT=13;

--
-- AUTO_INCREMENT for table `gaji_tunjangan_details`
--
ALTER TABLE `gaji_tunjangan_details`
  MODIFY `id` bigint UNSIGNED NOT NULL AUTO_INCREMENT, AUTO_INCREMENT=13;

--
-- AUTO_INCREMENT for table `hari_liburs`
--
ALTER TABLE `hari_liburs`
  MODIFY `id` bigint UNSIGNED NOT NULL AUTO_INCREMENT;

--
-- AUTO_INCREMENT for table `jabatans`
--
ALTER TABLE `jabatans`
  MODIFY `id` bigint UNSIGNED NOT NULL AUTO_INCREMENT, AUTO_INCREMENT=6;

--
-- AUTO_INCREMENT for table `jobs`
--
ALTER TABLE `jobs`
  MODIFY `id` bigint UNSIGNED NOT NULL AUTO_INCREMENT;

--
-- AUTO_INCREMENT for table `kehadirans`
--
ALTER TABLE `kehadirans`
  MODIFY `id` bigint UNSIGNED NOT NULL AUTO_INCREMENT, AUTO_INCREMENT=377;

--
-- AUTO_INCREMENT for table `master_potongans`
--
ALTER TABLE `master_potongans`
  MODIFY `id` bigint UNSIGNED NOT NULL AUTO_INCREMENT, AUTO_INCREMENT=4;

--
-- AUTO_INCREMENT for table `master_tunjangans`
--
ALTER TABLE `master_tunjangans`
  MODIFY `id` bigint UNSIGNED NOT NULL AUTO_INCREMENT, AUTO_INCREMENT=5;

--
-- AUTO_INCREMENT for table `meetings`
--
ALTER TABLE `meetings`
  MODIFY `id` bigint UNSIGNED NOT NULL AUTO_INCREMENT;

--
-- AUTO_INCREMENT for table `meeting_pesertas`
--
ALTER TABLE `meeting_pesertas`
  MODIFY `id` bigint UNSIGNED NOT NULL AUTO_INCREMENT;

--
-- AUTO_INCREMENT for table `migrations`
--
ALTER TABLE `migrations`
  MODIFY `id` int UNSIGNED NOT NULL AUTO_INCREMENT, AUTO_INCREMENT=27;

--
-- AUTO_INCREMENT for table `pegawais`
--
ALTER TABLE `pegawais`
  MODIFY `id` bigint UNSIGNED NOT NULL AUTO_INCREMENT, AUTO_INCREMENT=14;

--
-- AUTO_INCREMENT for table `pengumuman`
--
ALTER TABLE `pengumuman`
  MODIFY `id` bigint UNSIGNED NOT NULL AUTO_INCREMENT, AUTO_INCREMENT=4;

--
-- AUTO_INCREMENT for table `pengumuman_penerimas`
--
ALTER TABLE `pengumuman_penerimas`
  MODIFY `id` bigint UNSIGNED NOT NULL AUTO_INCREMENT, AUTO_INCREMENT=4;

--
-- AUTO_INCREMENT for table `sisa_cutis`
--
ALTER TABLE `sisa_cutis`
  MODIFY `id` bigint UNSIGNED NOT NULL AUTO_INCREMENT, AUTO_INCREMENT=14;

--
-- AUTO_INCREMENT for table `tims`
--
ALTER TABLE `tims`
  MODIFY `id` bigint UNSIGNED NOT NULL AUTO_INCREMENT, AUTO_INCREMENT=5;

--
-- AUTO_INCREMENT for table `tugas`
--
ALTER TABLE `tugas`
  MODIFY `id` bigint UNSIGNED NOT NULL AUTO_INCREMENT, AUTO_INCREMENT=12;

--
-- AUTO_INCREMENT for table `tugas_pengumpulan`
--
ALTER TABLE `tugas_pengumpulan`
  MODIFY `id` bigint UNSIGNED NOT NULL AUTO_INCREMENT;

--
-- AUTO_INCREMENT for table `users`
--
ALTER TABLE `users`
  MODIFY `id` bigint UNSIGNED NOT NULL AUTO_INCREMENT, AUTO_INCREMENT=14;

--
-- Constraints for dumped tables
--

--
-- Constraints for table `cutis`
--
ALTER TABLE `cutis`
  ADD CONSTRAINT `cutis_disetujui_oleh_id_foreign` FOREIGN KEY (`disetujui_oleh_id`) REFERENCES `users` (`id`) ON DELETE SET NULL,
  ADD CONSTRAINT `cutis_pegawai_id_foreign` FOREIGN KEY (`pegawai_id`) REFERENCES `pegawais` (`id`) ON DELETE CASCADE;

--
-- Constraints for table `gajis`
--
ALTER TABLE `gajis`
  ADD CONSTRAINT `gajis_pegawai_id_foreign` FOREIGN KEY (`pegawai_id`) REFERENCES `pegawais` (`id`) ON DELETE CASCADE;

--
-- Constraints for table `gaji_potongan_details`
--
ALTER TABLE `gaji_potongan_details`
  ADD CONSTRAINT `gaji_potongan_details_gaji_id_foreign` FOREIGN KEY (`gaji_id`) REFERENCES `gajis` (`id`) ON DELETE CASCADE,
  ADD CONSTRAINT `gaji_potongan_details_master_potongan_id_foreign` FOREIGN KEY (`master_potongan_id`) REFERENCES `master_potongans` (`id`) ON DELETE RESTRICT;

--
-- Constraints for table `gaji_tunjangan_details`
--
ALTER TABLE `gaji_tunjangan_details`
  ADD CONSTRAINT `gaji_tunjangan_details_gaji_id_foreign` FOREIGN KEY (`gaji_id`) REFERENCES `gajis` (`id`) ON DELETE CASCADE,
  ADD CONSTRAINT `gaji_tunjangan_details_master_tunjangan_id_foreign` FOREIGN KEY (`master_tunjangan_id`) REFERENCES `master_tunjangans` (`id`) ON DELETE RESTRICT;

--
-- Constraints for table `hari_liburs`
--
ALTER TABLE `hari_liburs`
  ADD CONSTRAINT `hari_liburs_user_id_foreign` FOREIGN KEY (`user_id`) REFERENCES `users` (`id`) ON DELETE RESTRICT;

--
-- Constraints for table `kehadirans`
--
ALTER TABLE `kehadirans`
  ADD CONSTRAINT `kehadirans_pegawai_id_foreign` FOREIGN KEY (`pegawai_id`) REFERENCES `pegawais` (`id`) ON DELETE CASCADE;

--
-- Constraints for table `meetings`
--
ALTER TABLE `meetings`
  ADD CONSTRAINT `meetings_pembuat_id_foreign` FOREIGN KEY (`pembuat_id`) REFERENCES `pegawais` (`id`) ON DELETE CASCADE;

--
-- Constraints for table `meeting_pesertas`
--
ALTER TABLE `meeting_pesertas`
  ADD CONSTRAINT `meeting_pesertas_meeting_id_foreign` FOREIGN KEY (`meeting_id`) REFERENCES `meetings` (`id`) ON DELETE CASCADE,
  ADD CONSTRAINT `meeting_pesertas_pegawai_id_foreign` FOREIGN KEY (`pegawai_id`) REFERENCES `pegawais` (`id`) ON DELETE CASCADE;

--
-- Constraints for table `pegawais`
--
ALTER TABLE `pegawais`
  ADD CONSTRAINT `pegawais_jabatan_id_foreign` FOREIGN KEY (`jabatan_id`) REFERENCES `jabatans` (`id`) ON DELETE RESTRICT,
  ADD CONSTRAINT `pegawais_tim_id_foreign` FOREIGN KEY (`tim_id`) REFERENCES `tims` (`id`) ON DELETE SET NULL,
  ADD CONSTRAINT `pegawais_user_id_foreign` FOREIGN KEY (`user_id`) REFERENCES `users` (`id`) ON DELETE CASCADE;

--
-- Constraints for table `pengumuman`
--
ALTER TABLE `pengumuman`
  ADD CONSTRAINT `pengumuman_user_id_foreign` FOREIGN KEY (`user_id`) REFERENCES `users` (`id`) ON DELETE CASCADE;

--
-- Constraints for table `pengumuman_penerimas`
--
ALTER TABLE `pengumuman_penerimas`
  ADD CONSTRAINT `pengumuman_penerimas_pengumuman_id_foreign` FOREIGN KEY (`pengumuman_id`) REFERENCES `pengumuman` (`id`) ON DELETE CASCADE;

--
-- Constraints for table `sisa_cutis`
--
ALTER TABLE `sisa_cutis`
  ADD CONSTRAINT `sisa_cutis_pegawai_id_foreign` FOREIGN KEY (`pegawai_id`) REFERENCES `pegawais` (`id`) ON DELETE CASCADE;

--
-- Constraints for table `tims`
--
ALTER TABLE `tims`
  ADD CONSTRAINT `tims_divisi_id_foreign` FOREIGN KEY (`divisi_id`) REFERENCES `divisis` (`id`) ON DELETE CASCADE;

--
-- Constraints for table `tugas`
--
ALTER TABLE `tugas`
  ADD CONSTRAINT `tugas_pemberi_id_foreign` FOREIGN KEY (`pemberi_id`) REFERENCES `pegawais` (`id`) ON DELETE CASCADE,
  ADD CONSTRAINT `tugas_penerima_id_foreign` FOREIGN KEY (`penerima_id`) REFERENCES `pegawais` (`id`) ON DELETE CASCADE;

--
-- Constraints for table `tugas_pengumpulan`
--
ALTER TABLE `tugas_pengumpulan`
  ADD CONSTRAINT `tugas_pengumpulan_pegawai_id_foreign` FOREIGN KEY (`pegawai_id`) REFERENCES `pegawais` (`id`) ON DELETE CASCADE,
  ADD CONSTRAINT `tugas_pengumpulan_tugas_id_foreign` FOREIGN KEY (`tugas_id`) REFERENCES `tugas` (`id`) ON DELETE CASCADE;

DELIMITER $$
--
-- Events
--
CREATE DEFINER=`root`@`localhost` EVENT `mark_absent_trigger` ON SCHEDULE EVERY 1 DAY STARTS '2025-10-09 13:01:00' ON COMPLETION NOT PRESERVE ENABLE DO BEGIN
                IF DAYOFWEEK(CURRENT_DATE) NOT IN (1, 7) THEN
                    INSERT INTO kehadirans (pegawai_id, tanggal, status, created_at, updated_at)
                    SELECT 
                        id, 
                        CURDATE(), 
                        'Absen',
                        NOW(),
                        NOW()
                    FROM pegawais
                    WHERE id NOT IN (
                        SELECT pegawai_id 
                        FROM kehadirans 
                        WHERE tanggal = CURDATE()
                    )
                    AND id != 1;
                END IF;
            END$$

CREATE DEFINER=`root`@`localhost` EVENT `auto_pulang_trigger` ON SCHEDULE EVERY 1 DAY STARTS '2025-10-09 19:00:00' ON COMPLETION NOT PRESERVE ENABLE DO BEGIN
                IF DAYOFWEEK(CURRENT_DATE) NOT IN (1, 7) THEN
                    UPDATE kehadirans
                    SET jam_pulang = '19:00:00', updated_at = NOW()
                    WHERE 
                        tanggal = CURDATE()
                        AND status IN ('Hadir', 'Terlambat')
                        AND jam_pulang IS NULL;
                END IF;
            END$$

DELIMITER ;
COMMIT;

/*!40101 SET CHARACTER_SET_CLIENT=@OLD_CHARACTER_SET_CLIENT */;
/*!40101 SET CHARACTER_SET_RESULTS=@OLD_CHARACTER_SET_RESULTS */;
/*!40101 SET COLLATION_CONNECTION=@OLD_COLLATION_CONNECTION */;
